,danceability,energy,key,loudness,mode,speechiness,acousticness,instrumentalness,liveness,valence,tempo,duration_ms,time_signature,label
0,0.807,0.893,11,-3.745,0,0.0347,0.0451,2.79e-05,0.366,0.537,126.011,230747,4,1
1,0.798,0.676,6,-5.041,1,0.0442,0.0902,0.0,0.0894,0.843,101.956,219947,4,1
2,0.788,0.859,2,-2.724,1,0.0856,0.281,0.0,0.0424,0.822,141.02,207853,4,1
3,0.763,0.661,4,-5.592,0,0.056,0.169,0.0,0.117,0.632,95.002,153627,4,1
4,0.599,0.448,8,-6.312,1,0.0232,0.163,0.0,0.106,0.168,95.05,263400,3,1
5,0.715,0.62,1,-6.005,0,0.0484,0.417,0.0,0.0822,0.172,97.95,221520,4,1
6,0.607,0.649,11,-6.695,0,0.0362,0.0306,2.46e-05,0.174,0.505,102.996,247627,4,1
7,0.64,0.647,5,-8.114,0,0.186,0.124,0.0,0.0801,0.546,92.979,197867,4,1
8,0.591,0.764,1,-5.484,1,0.0483,0.0383,0.0,0.103,0.478,169.928,141806,4,1
9,0.713,0.676,10,-5.483,1,0.027,0.0377,0.0,0.154,0.721,99.048,227395,4,1
10,0.695,0.566,6,-7.484,0,0.124,0.00202,0.0,0.167,0.388,80.029,175569,4,1
11,0.601,0.741,2,-5.569,1,0.0478,0.185,2.91e-05,0.415,0.441,153.96,153190,4,1
12,0.658,0.634,1,-6.068,0,0.0431,0.0104,0.0,0.12,0.302,140.002,170813,4,1
13,0.857,0.621,9,-6.376,0,0.0825,0.148,0.0,0.0865,0.668,97.989,204467,4,1
14,0.677,0.556,9,-6.544,1,0.0306,0.263,0.0,0.105,0.521,80.006,179507,4,1
15,0.677,0.556,9,-6.544,1,0.0306,0.263,0.0,0.105,0.521,80.006,179507,4,1
16,0.677,0.556,9,-6.544,1,0.0306,0.263,0.0,0.105,0.521,80.006,179507,4,1
17,0.659,0.625,4,-2.253,1,0.045,0.0644,0.0,0.582,0.442,88.042,181824,4,1
18,0.434,0.889,9,-5.684,1,0.0509,0.395,0.0,0.273,0.845,113.326,153338,5,1
19,0.79,0.647,10,-5.983,0,0.136,0.0515,0.0,0.248,0.654,87.999,211000,4,1
20,0.639,0.628,6,-7.578,0,0.0399,0.0381,0.0,0.386,0.43,90.482,237507,4,1
21,0.58,0.586,1,-6.883,1,0.0357,0.344,0.0,0.0755,0.507,147.988,199549,4,1
22,0.585,0.696,4,-5.6,0,0.0307,0.204,0.0,0.344,0.522,104.01,217640,4,1
23,0.754,0.449,7,-9.211,1,0.109,0.0332,8.29e-05,0.552,0.357,77.169,198973,4,1
24,0.636,0.566,6,-7.16,0,0.106,0.365,0.000353,0.0917,0.425,151.894,235987,4,1
25,0.463,0.642,1,-4.474,1,0.34,0.314,0.0,0.0686,0.339,83.389,189893,4,1
26,0.636,0.477,11,-8.698,0,0.415,0.393,0.00268,0.0662,0.449,119.953,173972,5,1
27,0.678,0.674,5,-5.936,1,0.128,0.644,0.0,0.13,0.574,90.069,161333,4,1
28,0.724,0.596,2,-7.185,0,0.364,0.34,1.95e-06,0.118,0.521,137.975,169565,3,1
29,0.68,0.549,5,-8.277,0,0.244,0.0919,7.14e-05,0.548,0.29,162.874,265373,4,1
30,0.749,0.398,5,-7.44,0,0.171,0.648,1.26e-06,0.115,0.0859,80.032,226040,4,1
31,0.678,0.395,9,-8.639,0,0.12,0.411,0.00544,0.122,0.136,170.065,215067,4,1
32,0.901,0.676,2,-7.033,1,0.251,0.0646,0.0,0.0863,0.452,85.018,148278,4,1
33,0.68,0.549,5,-8.277,0,0.244,0.0919,7.14e-05,0.548,0.29,162.874,265373,4,1
34,0.797,0.731,9,-4.443,0,0.0479,0.229,0.0,0.224,0.623,146.93,228387,4,1
35,0.561,0.852,8,-6.871,1,0.251,0.00145,5.92e-06,0.274,0.402,129.971,209227,4,1
36,0.63,0.605,0,-8.951,1,0.0414,0.484,9.29e-05,0.298,0.266,115.277,295293,4,1
37,0.881,0.441,11,-6.278,0,0.0646,0.48,9.08e-06,0.119,0.804,138.014,221240,4,1
38,0.675,0.734,7,-8.659,1,0.0265,0.38,0.895,0.141,0.533,101.998,294213,4,1
39,0.464,0.754,9,-6.653,0,0.128,0.465,1.57e-05,0.37,0.444,86.501,235627,4,1
40,0.69,0.521,10,-8.492,0,0.339,0.324,0.0,0.0534,0.494,100.028,292799,4,1
41,0.831,0.427,2,-6.903,1,0.106,0.0531,0.0,0.307,0.216,93.004,235320,4,1
42,0.907,0.393,4,-7.636,0,0.0539,0.451,1.35e-06,0.135,0.202,104.949,205458,4,1
43,0.684,0.545,1,-6.885,1,0.121,0.159,0.0,0.102,0.407,143.049,135264,4,1
44,0.567,0.515,6,-10.265,0,0.247,0.354,0.0,0.078,0.321,120.1,224000,1,1
45,0.608,0.745,1,-4.13,1,0.0277,0.0226,6.47e-06,0.0942,0.464,102.025,224427,4,1
46,0.551,0.402,11,-7.431,1,0.0262,0.676,0.0,0.0928,0.382,103.313,193200,4,1
47,0.487,0.65,0,-5.195,1,0.0253,0.191,0.0,0.0933,0.456,151.964,232533,4,1
48,0.731,0.675,5,-5.134,0,0.0434,0.00473,0.0,0.141,0.298,124.939,139461,4,1
49,0.654,0.875,1,-4.845,1,0.0744,0.000417,0.0086,0.194,0.522,99.975,171621,4,1
50,0.533,0.858,2,-4.212,1,0.0766,0.00021,0.0,0.148,0.506,160.057,205159,4,1
51,0.376,0.657,7,-4.658,1,0.0768,0.0858,0.0,0.0884,0.203,80.565,164782,4,1
52,0.719,0.598,9,-6.254,1,0.077,0.232,0.0,0.115,0.303,142.592,126521,4,1
53,0.655,0.716,8,-5.077,0,0.0897,0.476,0.0,0.479,0.521,80.813,175302,4,1
54,0.701,0.716,7,-3.671,0,0.0361,0.174,0.0,0.324,0.732,91.007,140533,4,1
55,0.748,0.492,11,-8.584,1,0.0498,0.151,0.0,0.146,0.483,145.097,144000,4,1
56,0.659,0.733,8,-4.878,1,0.0577,0.0226,0.0,0.205,0.763,146.053,143205,4,1
57,0.706,0.76,8,-4.702,1,0.0369,0.0599,1.46e-06,0.202,0.564,95.499,126444,4,1
58,0.795,0.642,9,-4.431,1,0.0288,0.0509,0.0,0.17,0.669,97.999,201010,4,1
59,0.71,0.543,5,-9.141,1,0.0527,0.478,8.66e-06,0.0988,0.481,83.965,138929,4,1
60,0.646,0.785,10,-5.882,0,0.0417,0.085,3.43e-05,0.104,0.185,162.987,228702,4,1
61,0.862,0.439,9,-7.411,0,0.0579,0.39,1.03e-06,0.0888,0.489,113.017,155044,4,1
62,0.777,0.414,6,-7.44,0,0.0946,0.00421,2.73e-05,0.0724,0.287,100.002,227880,4,1
63,0.763,0.667,2,-6.285,1,0.085,0.021,2.4e-05,0.0715,0.75,95.864,260520,4,1
64,0.912,0.223,11,-12.424,0,0.321,0.26,8.87e-05,0.0786,0.354,139.965,212547,4,1
65,0.732,0.511,6,-6.779,1,0.0541,0.276,0.0,0.0916,0.62,96.946,133608,4,1
66,0.677,0.714,11,-5.637,1,0.0287,0.162,0.0,0.0717,0.355,94.956,136568,4,1
67,0.369,0.192,4,-12.151,0,0.04,0.555,8.35e-06,0.0954,0.148,175.212,228013,3,1
68,0.517,0.675,6,-5.382,1,0.0357,0.459,0.0,0.151,0.518,203.853,163855,4,1
69,0.561,0.965,7,-3.673,0,0.0343,0.00383,7.07e-06,0.371,0.304,128.04,175238,4,1
70,0.442,0.943,3,-3.205,1,0.0602,0.00293,8.71e-06,0.091,0.781,85.064,181533,4,1
71,0.442,0.943,3,-3.205,1,0.0602,0.00293,8.71e-06,0.091,0.781,85.064,181533,4,1
72,0.559,0.543,1,-5.429,1,0.302,0.00133,2e-05,0.0577,0.337,75.958,193000,4,1
73,0.29,0.827,8,-3.451,1,0.0362,0.000659,2.55e-06,0.301,0.45,167.086,493400,4,1
74,0.268,0.742,5,-4.939,1,0.0355,0.0518,0.0,0.626,0.416,159.779,321093,4,1
75,0.552,0.89,8,-3.409,1,0.0342,0.000143,0.0,0.888,0.716,146.525,232680,4,1
76,0.531,0.909,11,-4.236,1,0.034,0.0175,0.0,0.231,0.814,97.546,178000,4,1
77,0.546,0.814,7,-5.146,1,0.0314,0.023,0.0,0.0972,0.146,104.98,285653,4,1
78,0.475,0.432,7,-7.844,1,0.0302,0.183,0.0,0.161,0.648,94.605,153467,4,1
79,0.38,0.988,1,-2.042,1,0.0639,2.64e-05,7.86e-05,0.368,0.769,186.113,176346,4,1
80,0.496,0.682,8,-4.095,1,0.0294,0.00552,2.94e-05,0.0589,0.474,167.06,262333,4,1
81,0.622,0.54,5,-13.99,1,0.0261,0.017,0.00771,0.265,0.847,130.879,264907,4,1
82,0.654,0.336,6,-12.825,1,0.0379,0.858,0.385,0.0786,0.947,176.083,134400,4,1
83,0.723,0.49,9,-14.745,0,0.0296,0.111,0.0946,0.0923,0.795,129.012,252773,4,1
84,0.64,0.649,2,-10.345,1,0.0264,0.216,8.3e-05,0.0551,0.865,124.825,221053,4,1
85,0.671,0.71,9,-7.724,1,0.0356,0.0393,1.12e-05,0.0387,0.834,118.745,193347,4,1
86,0.414,0.161,7,-22.32,0,0.0318,0.883,0.000223,0.117,0.423,159.375,199493,4,1
87,0.583,0.947,5,-5.12,1,0.0378,0.0185,0.00109,0.0679,0.803,135.448,223613,4,1
88,0.73,0.487,4,-10.991,1,0.0303,0.258,0.01,0.0852,0.731,114.965,226653,4,1
89,0.545,0.67,9,-8.81,1,0.0496,0.009,0.000822,0.0451,0.481,151.553,270213,4,1
90,0.828,0.492,0,-9.744,1,0.0276,0.0644,0.00428,0.128,0.789,120.151,257800,4,1
91,0.446,0.952,6,-5.321,1,0.0523,0.0901,0.0857,0.112,0.624,125.303,356067,4,1
92,0.453,0.987,8,-4.485,1,0.0889,0.0195,0.283,0.268,0.316,123.544,273480,4,1
93,0.268,0.98,11,-5.958,1,0.103,0.0192,0.00709,0.182,0.395,100.315,405600,4,1
94,0.294,0.641,11,-9.316,1,0.0291,0.0163,0.22,0.112,0.226,79.759,536067,4,1
95,0.456,0.59,11,-8.638,1,0.0327,0.00182,0.00379,0.104,0.243,124.635,283733,4,1
96,0.496,0.739,6,-7.193,1,0.0415,0.0211,0.00444,0.106,0.378,132.41,336000,4,1
97,0.457,0.297,6,-12.511,1,0.0306,0.686,0.000107,0.109,0.333,120.021,354880,4,1
98,0.262,0.777,11,-8.671,1,0.0632,0.0109,0.113,0.12,0.264,152.5,182733,4,1
99,0.35,0.985,10,-5.676,0,0.122,0.00876,0.551,0.36,0.323,151.007,343640,4,1
100,0.336,0.787,10,-8.803,0,0.0732,0.0793,0.0648,0.32,0.383,140.003,462093,4,1
101,0.547,0.931,2,-2.356,1,0.0615,0.000998,0.0118,0.278,0.697,118.4,261507,4,1
102,0.456,0.863,3,-3.551,1,0.0894,0.133,0.0538,0.0553,0.532,135.962,301227,4,1
103,0.668,0.906,11,-4.881,0,0.17,0.214,0.00245,0.135,0.507,135.653,231933,4,1
104,0.457,0.904,2,-5.303,1,0.0747,0.000239,0.0879,0.396,0.48,141.038,317427,4,1
105,0.389,0.873,4,-4.768,0,0.0475,0.00532,0.0055,0.273,0.303,106.767,312293,4,1
106,0.754,0.759,9,-5.218,1,0.302,0.153,0.000108,0.101,0.435,126.366,214667,4,1
107,0.532,0.767,7,-5.509,1,0.0574,0.00287,0.000513,0.39,0.755,127.361,210173,4,1
108,0.31,0.7,9,-5.678,1,0.047,0.011,0.00965,0.0828,0.763,188.386,255493,4,1
109,0.502,0.89,4,-5.175,1,0.0364,0.000147,0.0117,0.217,0.259,133.52,292880,4,1
110,0.574,0.913,6,-4.793,0,0.133,0.061,0.00158,0.156,0.423,115.728,208400,4,1
111,0.532,0.887,0,-3.757,1,0.0335,0.0778,0.000214,0.294,0.795,122.511,249293,4,1
112,0.551,0.913,0,-4.063,0,0.0466,0.0263,1.35e-05,0.347,0.544,119.992,224493,4,1
113,0.326,0.797,2,-2.359,1,0.0334,0.0522,0.0,0.081,0.271,135.937,288933,4,1
114,0.555,0.973,9,-3.804,1,0.035,0.048,0.0,0.0853,0.805,118.642,316707,4,1
115,0.437,0.727,2,-5.432,1,0.0293,0.0532,0.0,0.103,0.233,73.029,346587,4,1
116,0.475,0.899,9,-4.321,0,0.0637,0.00375,1.91e-05,0.14,0.603,152.445,230667,4,1
117,0.309,0.596,5,-5.599,1,0.0293,0.101,0.0,0.21,0.161,164.587,394400,3,1
118,0.252,0.802,7,-3.976,1,0.0391,0.13,0.0146,0.309,0.253,150.056,308667,4,1
119,0.383,0.659,4,-5.558,1,0.0312,0.117,0.0,0.0778,0.327,140.795,353027,4,1
120,0.508,0.834,2,-6.205,1,0.0386,0.0183,0.0,0.0732,0.774,139.131,216053,4,1
121,0.352,0.911,1,-5.23,1,0.0747,0.00121,0.0,0.0995,0.236,148.033,222973,4,1
122,0.473,0.768,0,-4.708,1,0.037,0.00994,0.0,0.145,0.826,171.669,235474,4,1
123,0.579,0.954,4,-3.947,1,0.0558,0.583,0.0,0.139,0.583,93.448,265693,4,1
124,0.308,0.747,0,-5.434,1,0.037,0.0645,8.27e-05,0.431,0.278,139.454,356160,4,1
125,0.54,0.982,4,-2.962,0,0.0458,0.435,3.37e-05,0.0457,0.91,126.294,265773,4,1
126,0.445,0.856,9,-3.674,1,0.0327,0.000202,0.0101,0.367,0.486,105.872,308333,3,1
127,0.379,0.76,9,-10.961,1,0.0378,0.00298,0.0296,0.104,0.491,99.436,274088,4,1
128,0.37,0.866,6,-3.879,0,0.0384,0.0868,0.0,0.137,0.427,162.086,316693,3,1
129,0.653,0.73,5,-10.613,1,0.0429,0.0115,1.02e-05,0.0776,0.894,108.709,220311,4,1
130,0.39,0.649,2,-5.163,1,0.0345,0.172,0.0,0.216,0.144,121.161,299723,4,1
131,0.392,0.476,1,-7.583,1,0.0249,0.397,0.000163,0.309,0.234,78.031,267597,4,1
132,0.409,0.868,3,-6.236,0,0.0368,0.0266,0.0357,0.276,0.704,147.211,198707,4,1
133,0.591,0.87,7,-6.381,1,0.0652,0.409,0.0,0.718,0.747,121.682,227600,4,1
134,0.435,0.666,6,-10.596,1,0.031,0.254,1.4e-05,0.0541,0.566,176.431,232640,4,1
135,0.708,0.856,9,-5.4,1,0.0537,0.0287,8.46e-05,0.0727,0.902,128.518,241107,4,1
136,0.511,0.912,1,-5.618,1,0.0594,0.0247,0.0553,0.0943,0.833,131.339,190867,4,1
137,0.681,0.773,2,-6.051,1,0.058,0.181,1.84e-05,0.311,0.547,120.276,236640,4,1
138,0.679,0.866,0,-6.053,1,0.0635,0.00376,3.1e-05,0.312,0.785,124.324,201400,4,1
139,0.479,0.847,0,-11.036,0,0.0984,0.00884,0.000206,0.144,0.317,90.654,228560,4,1
140,0.654,0.929,1,-5.906,1,0.0998,0.0468,0.0,0.0539,0.902,144.774,168840,4,1
141,0.768,0.852,4,-6.215,1,0.038,0.214,7.36e-05,0.0723,0.867,128.373,271240,4,1
142,0.416,0.819,9,-3.974,1,0.0613,0.000138,0.00108,0.147,0.632,140.083,193520,4,1
143,0.524,0.644,4,-4.986,1,0.0238,0.391,0.000246,0.168,0.324,158.52,271800,4,1
144,0.524,0.641,0,-8.967,1,0.0497,0.0437,2.78e-05,0.159,0.482,141.65,184543,4,1
145,0.49,0.724,2,-9.581,1,0.0366,0.00976,0.0046,0.159,0.292,125.812,337506,4,1
146,0.458,0.843,4,-7.201,1,0.0316,0.00135,0.000296,0.778,0.713,105.701,228427,4,1
147,0.543,0.944,6,-7.495,1,0.0543,0.402,0.000564,0.0373,0.735,101.174,279440,4,1
148,0.539,0.926,2,-6.495,1,0.0499,0.014,0.00136,0.36,0.454,136.279,246400,4,1
149,0.392,0.534,0,-8.793,1,0.0369,0.245,0.00104,0.155,0.325,181.305,276187,4,1
150,0.564,0.774,1,-9.424,1,0.0368,0.0135,0.00191,0.0861,0.657,100.894,277477,4,1
151,0.54,0.429,2,-11.822,1,0.0285,0.000202,0.355,0.141,0.113,110.171,295516,4,1
152,0.451,0.951,1,-3.754,1,0.0645,0.00038,2.39e-06,0.261,0.442,162.065,213933,4,1
153,0.58,0.702,4,-5.565,1,0.0337,0.0466,3.2e-06,0.536,0.299,105.076,208960,4,1
154,0.529,0.967,1,-3.647,0,0.0508,0.114,0.0,0.61,0.596,140.127,166373,4,1
155,0.492,0.969,9,-4.419,1,0.0491,0.0014,1.32e-06,0.0787,0.538,95.136,157333,4,1
156,0.554,0.978,4,-3.554,1,0.131,0.111,0.0,0.0731,0.594,135.095,162600,4,1
157,0.687,0.793,2,-4.254,1,0.166,0.0603,0.0,0.582,0.751,107.045,205733,4,1
158,0.623,0.93,5,-5.285,1,0.0324,0.0141,1.64e-06,0.138,0.287,120.119,205613,4,1
159,0.596,0.798,0,-4.63,1,0.0285,0.00412,0.0,0.338,0.459,105.01,199342,4,1
160,0.496,0.863,9,-4.153,1,0.0381,0.0046,0.0,0.639,0.243,110.018,185587,4,1
161,0.556,0.864,3,-5.87,0,0.0584,0.00958,0.0,0.209,0.4,105.143,216880,4,1
162,0.485,0.911,3,-5.749,1,0.0355,8.67e-05,0.0,0.092,0.568,89.956,249067,4,1
163,0.515,0.876,8,-3.756,1,0.0292,0.000932,0.000166,0.136,0.385,145.916,258920,4,1
164,0.441,0.815,3,-4.088,1,0.0276,0.000731,0.0,0.414,0.522,164.007,219320,4,1
165,0.572,0.961,7,-3.089,1,0.0625,0.000734,0.021,0.207,0.818,76.998,186600,4,1
166,0.455,0.858,11,-5.659,0,0.0391,0.000616,0.000247,0.226,0.597,163.118,207467,4,1
167,0.766,0.725,9,-4.991,1,0.0369,0.0107,8.23e-05,0.0237,0.741,100.008,237667,4,1
168,0.518,0.797,6,-5.153,1,0.0309,0.000681,0.0,0.107,0.293,132.918,238173,4,1
169,0.617,0.922,11,-3.474,1,0.0744,0.000247,0.388,0.363,0.6,132.059,212347,4,1
170,0.616,0.91,0,-3.004,1,0.0386,0.0459,0.0,0.343,0.693,144.072,252040,4,1
171,0.446,0.764,10,-5.042,1,0.033,0.00135,0.0,0.099,0.543,172.094,223840,4,1
172,0.398,0.952,4,-6.042,1,0.061,0.000373,7.75e-05,0.1,0.584,122.093,278680,4,1
173,0.454,0.913,9,-4.008,1,0.107,0.408,0.000271,0.248,0.521,137.688,293183,4,1
174,0.623,0.449,5,-13.333,1,0.0253,0.212,0.0,0.0613,0.572,84.383,256000,4,1
175,0.556,0.913,0,-2.36,1,0.0437,0.0193,8.59e-06,0.346,0.73,96.184,282160,4,1
176,0.5,0.748,4,-9.072,1,0.0363,0.127,0.0,0.447,0.514,118.852,250987,4,1
177,0.541,0.96,0,-2.947,0,0.0505,0.0663,2.25e-06,0.344,0.812,122.803,222707,4,1
178,0.434,0.897,0,-4.918,1,0.0488,0.0103,0.0,0.612,0.684,148.726,167067,4,1
179,0.7,0.742,5,-6.777,0,0.0716,0.0722,0.0199,0.11,0.197,91.959,302000,4,1
180,0.666,0.936,7,-9.919,1,0.0476,0.00244,0.086,0.153,0.776,91.577,282907,4,1
181,0.451,0.97,0,-4.938,1,0.107,0.0264,0.00355,0.102,0.198,122.444,216933,4,1
182,0.427,0.9,11,-3.674,1,0.0499,0.116,1.75e-05,0.119,0.599,104.655,334667,4,1
183,0.458,0.795,0,-3.265,1,0.0574,0.00316,0.000202,0.0756,0.513,123.229,255373,4,1
184,0.595,0.717,0,-4.803,1,0.0295,0.0779,0.00274,0.108,0.547,88.969,215907,4,1
185,0.618,0.938,9,-3.442,1,0.0456,0.0179,0.0,0.167,0.875,91.455,269000,4,1
186,0.559,0.345,4,-13.496,1,0.0459,0.0576,0.000105,0.141,0.458,84.581,264307,4,1
187,0.592,0.767,9,-2.788,0,0.027,0.0021,0.00165,0.127,0.328,96.483,329733,4,1
188,0.515,0.805,5,-4.491,1,0.0345,0.00993,1.57e-05,0.419,0.743,101.161,194618,4,1
189,0.587,0.237,0,-18.466,1,0.0272,0.0766,0.0,0.139,0.366,84.764,211933,4,1
190,0.546,0.931,0,-6.344,1,0.0341,0.000299,2.92e-05,0.11,0.643,125.495,204893,4,1
191,0.512,0.534,2,-6.888,1,0.0253,0.197,0.0,0.0907,0.125,74.882,282773,4,1
192,0.587,0.456,9,-7.011,1,0.0262,0.516,0.0,0.104,0.144,134.11,355640,4,1
193,0.57,0.478,7,-10.185,1,0.0322,0.536,1.33e-05,0.0931,0.358,145.517,291667,3,1
194,0.561,0.811,4,-6.157,1,0.0265,0.00515,3.6e-05,0.287,0.635,126.593,233270,4,1
195,0.526,0.365,1,-12.605,1,0.028,0.0775,1.35e-05,0.0618,0.253,131.253,394133,4,1
196,0.382,0.589,9,-7.315,0,0.0267,0.0465,0.0,0.122,0.335,140.059,243360,4,1
197,0.508,0.834,2,-6.205,1,0.0386,0.0183,0.0,0.0732,0.774,139.131,216053,4,1
198,0.649,0.903,7,-3.677,1,0.0318,0.000841,0.000351,0.122,0.412,121.841,225947,4,1
199,0.633,0.823,5,-5.792,1,0.0287,0.0516,0.000496,0.188,0.444,115.107,330533,4,1
200,0.5,0.899,4,-4.066,1,0.0736,4.84e-05,0.000198,0.0794,0.566,130.06,229107,4,1
201,0.596,0.605,7,-12.145,1,0.0255,0.181,0.000331,0.0863,0.886,97.798,283800,4,1
202,0.7,0.864,7,-3.629,1,0.0283,0.0212,0.0,0.0956,0.887,102.997,297587,4,1
203,0.398,0.927,9,-4.212,1,0.0567,6.2e-05,0.000177,0.0575,0.311,77.106,260027,4,1
204,0.497,0.97,10,-4.851,0,0.0836,9.04e-05,0.000674,0.101,0.689,138.081,197200,4,1
205,0.465,0.919,4,-4.025,1,0.0408,1.83e-05,2.07e-05,0.262,0.537,135.997,235293,4,1
206,0.366,0.94,1,-5.119,0,0.0696,0.000769,9.42e-05,0.188,0.369,130.198,255627,4,1
207,0.587,0.872,7,-5.066,1,0.0484,0.018,0.0,0.622,0.735,159.925,221333,4,1
208,0.572,0.835,0,-6.219,1,0.0317,0.171,0.000377,0.0702,0.795,129.981,241600,4,1
209,0.765,0.476,7,-13.487,1,0.0329,0.0504,2.76e-06,0.165,0.965,114.02,178360,4,1
210,0.646,0.526,1,-4.803,1,0.263,0.00129,3.91e-06,0.054,0.621,143.711,148672,4,1
211,0.657,0.752,0,-4.579,0,0.148,0.0184,1.66e-05,0.316,0.652,140.028,224707,4,1
212,0.581,0.888,0,-3.198,1,0.0587,0.0018,0.0,0.413,0.629,120.041,190707,4,1
213,0.59,0.813,5,-3.543,0,0.342,0.00416,0.0,0.748,0.517,161.868,199600,4,1
214,0.851,0.633,10,-5.052,1,0.11,0.000905,3.09e-06,0.116,0.513,139.944,185533,4,1
215,0.538,0.876,1,-3.559,1,0.139,0.03,0.0,0.251,0.527,83.949,183107,4,1
216,0.642,0.861,4,-3.837,1,0.294,0.0318,0.0,0.23,0.582,92.912,197602,4,1
217,0.682,0.889,0,-4.166,1,0.0804,0.00564,0.0,0.36,0.827,138.021,192440,4,1
218,0.607,0.805,11,-5.579,0,0.0608,0.00175,0.0,0.231,0.232,139.894,202667,4,1
219,0.791,0.713,5,-3.742,0,0.254,0.0163,0.0,0.189,0.514,130.012,192573,4,1
220,0.519,0.78,2,-4.939,1,0.0356,0.00165,2.14e-05,0.156,0.166,145.125,239333,4,1
221,0.411,0.962,4,-5.952,1,0.0917,0.103,0.0,0.529,0.622,173.143,172646,4,1
222,0.606,0.905,5,-3.117,1,0.0518,0.0044,0.0,0.151,0.706,143.952,151533,4,1
223,0.41,0.959,9,-4.563,1,0.0869,0.000324,0.0,0.0766,0.83,193.155,171600,4,1
224,0.52,0.775,0,-5.803,1,0.0348,0.034,0.0,0.364,0.382,136.028,249627,4,1
225,0.426,0.972,0,-5.122,1,0.0954,0.0017,0.0,0.171,0.341,111.221,165373,4,1
226,0.579,0.928,0,-4.344,1,0.0411,0.000715,0.0,0.18,0.882,95.594,171533,4,1
227,0.664,0.781,11,-6.547,1,0.0339,0.00103,5.33e-06,0.0867,0.593,110.0,227240,4,1
228,0.391,0.951,6,-7.419,1,0.0692,0.0126,0.000378,0.0878,0.468,157.66,148360,4,1
229,0.434,0.897,0,-4.918,1,0.0488,0.0103,0.0,0.612,0.684,148.726,167067,4,1
230,0.498,0.764,4,-5.006,1,0.0309,0.123,3.07e-05,0.119,0.489,147.984,191231,4,1
231,0.692,0.808,2,-3.757,1,0.0396,0.0834,3.75e-05,0.0913,0.802,143.977,181767,4,1
232,0.641,0.803,6,-5.781,0,0.0286,0.00232,3.86e-06,0.361,0.671,121.086,158004,4,1
233,0.505,0.657,11,-5.24,0,0.0318,0.373,0.00107,0.126,0.252,196.0,178520,3,1
234,0.568,0.841,8,-3.802,1,0.0261,0.00514,0.000503,0.147,0.668,103.983,187047,4,1
235,0.53,0.678,6,-6.16,1,0.0278,0.506,6.23e-06,0.138,0.508,140.05,215572,4,1
236,0.656,0.757,3,-5.775,0,0.0308,0.492,0.0,0.117,0.429,139.971,177388,4,1
237,0.613,0.914,7,-5.153,1,0.03,0.00522,2.21e-06,0.26,0.916,141.978,206865,4,1
238,0.732,0.839,9,-5.007,1,0.0345,0.265,0.0,0.602,0.629,119.724,157478,4,1
239,0.492,0.675,6,-5.456,1,0.0389,0.467,0.0,0.142,0.478,203.759,163855,4,1
240,0.693,0.335,0,-10.863,1,0.0395,0.338,0.000552,0.118,0.623,136.071,198907,4,1
241,0.586,0.677,1,-8.343,1,0.0294,0.043,0.0936,0.0884,0.562,144.001,262280,4,1
242,0.77,0.641,10,-6.077,0,0.035,0.0206,0.00023,0.106,0.639,96.98,191333,4,1
243,0.427,0.813,0,-9.02,1,0.0737,0.0713,0.109,0.873,0.344,106.859,134267,3,1
244,0.589,0.641,5,-8.12,1,0.0838,0.205,0.0,0.0864,0.57,160.031,179347,4,1
245,0.646,0.598,3,-10.293,1,0.0425,0.73,5.87e-06,0.118,0.606,80.993,195587,4,1
246,0.689,0.592,5,-6.758,1,0.0235,0.101,0.00867,0.11,0.919,98.997,175027,4,1
247,0.626,0.913,0,-4.452,1,0.0318,0.00635,0.0,0.293,0.946,113.044,191307,4,1
248,0.692,0.809,2,-5.935,1,0.0255,0.1,9.77e-05,0.185,0.927,104.023,263387,4,1
249,0.498,0.764,4,-5.006,1,0.0309,0.123,3.07e-05,0.119,0.489,147.984,191231,4,1
250,0.689,0.689,4,-5.517,1,0.045,0.23,0.0,0.57,0.664,130.069,204760,4,1
251,0.558,0.719,11,-5.603,1,0.0419,0.101,0.0,0.212,0.483,158.031,243707,4,1
252,0.421,0.644,7,-3.904,1,0.0273,0.192,0.0,0.15,0.372,82.962,193400,4,1
253,0.579,0.776,8,-5.365,1,0.173,0.0749,0.0,0.239,0.434,136.044,229880,4,1
254,0.641,0.78,3,-5.138,1,0.0852,0.0206,0.0,0.143,0.693,98.004,179720,4,1
255,0.678,0.528,10,-7.317,1,0.0551,0.289,0.0,0.0734,0.614,79.018,194545,4,1
256,0.552,0.774,10,-3.685,1,0.0401,0.215,0.0,0.126,0.194,75.07,182707,4,1
257,0.747,0.861,8,-5.251,1,0.0514,0.113,0.0,0.026,0.859,103.966,190240,4,1
258,0.635,0.866,5,-2.695,1,0.0473,0.0697,0.0,0.0955,0.853,133.889,169760,4,1
259,0.736,0.458,5,-7.437,1,0.0316,0.441,0.0,0.148,0.65,98.977,162547,4,1
260,0.589,0.892,2,-3.197,1,0.0365,0.0633,0.0,0.149,0.76,131.951,224630,4,1
261,0.605,0.786,4,-4.138,1,0.0379,0.00276,0.0,0.347,0.512,116.995,182930,4,1
262,0.657,0.785,3,-8.428,1,0.037,0.0301,4.62e-06,0.0927,0.769,127.987,273587,4,1
263,0.794,0.733,0,-4.915,1,0.0884,0.0541,0.0,0.03,0.521,93.932,187220,4,1
264,0.681,0.845,11,-5.147,0,0.0525,0.0304,0.0,0.197,0.761,132.023,184040,4,1
265,0.588,0.608,5,-7.062,1,0.0365,0.225,0.0,0.092,0.508,90.201,189496,4,1
266,0.69,0.416,7,-7.865,1,0.0335,0.617,1.37e-06,0.102,0.479,82.45,230600,3,1
267,0.697,0.535,4,-6.504,1,0.068,0.247,0.0,0.569,0.594,82.959,203893,4,1
268,0.624,0.84,4,-5.768,1,0.0337,0.108,0.000546,0.144,0.656,111.02,323040,4,1
269,0.521,0.833,8,-6.992,1,0.0313,0.0906,3.13e-06,0.0647,0.581,141.944,224985,4,1
270,0.533,0.907,11,-3.793,1,0.0406,0.0292,0.0,0.386,0.7,150.99,183160,4,1
271,0.511,0.6,2,-5.699,1,0.0268,0.16,5.25e-06,0.114,0.269,146.051,233667,4,1
272,0.565,0.56,6,-6.034,1,0.0275,0.538,0.0,0.0961,0.325,159.931,177267,4,1
273,0.423,0.58,1,-4.959,1,0.0243,0.0554,2.92e-06,0.168,0.336,82.755,211053,3,1
274,0.551,0.801,6,-5.069,1,0.0303,0.013,6.03e-06,0.265,0.625,128.027,240760,4,1
275,0.558,0.872,9,-4.401,1,0.0449,0.178,0.0,0.173,0.472,143.971,213547,4,1
276,0.597,0.86,1,-2.315,1,0.0461,0.196,0.0,0.087,0.818,172.064,190587,4,1
277,0.622,0.932,11,-4.66,0,0.0498,0.105,2.37e-06,0.328,0.519,108.051,176160,4,1
278,0.641,0.842,9,-4.872,1,0.0464,0.0969,0.0,0.169,0.738,89.997,193427,4,1
279,0.616,0.728,9,-4.02,0,0.0278,0.0275,0.0,0.228,0.375,111.934,219973,4,1
280,0.728,0.682,2,-3.749,1,0.218,0.127,0.0,0.337,0.643,131.901,200067,4,1
281,0.571,0.937,5,-3.467,0,0.0365,0.0064,0.0,0.316,0.584,115.013,203133,4,1
282,0.661,0.751,7,-2.909,1,0.0481,0.0571,0.0,0.105,0.875,109.995,190187,4,1
283,0.506,0.886,11,-3.225,1,0.0655,0.0916,0.0,0.0734,0.595,143.935,226867,4,1
284,0.645,0.904,2,-4.532,1,0.0462,0.0293,0.0,0.0834,0.671,105.97,225560,4,1
285,0.471,0.912,5,-3.032,1,0.0724,0.032,0.0,0.343,0.613,139.667,190780,4,1
286,0.616,0.15,5,-13.517,1,0.119,0.831,0.0,0.203,0.345,126.462,174673,4,1
287,0.5,0.485,0,-7.94,1,0.0422,0.633,1.26e-06,0.107,0.379,109.755,207453,4,1
288,0.434,0.215,10,-8.478,1,0.0417,0.82,0.0,0.456,0.187,118.152,211316,4,1
289,0.544,0.573,8,-5.694,1,0.0356,0.0958,0.0,0.104,0.233,122.977,211739,4,1
290,0.508,0.296,3,-10.513,1,0.0755,0.897,5e-05,0.11,0.134,82.532,268856,4,1
291,0.505,0.27,9,-9.165,0,0.0333,0.593,0.0,0.133,0.557,98.721,163032,4,1
292,0.447,0.441,0,-7.658,1,0.0456,0.874,4.36e-05,0.188,0.286,122.811,290892,4,1
293,0.68,0.246,4,-14.112,1,0.058,0.783,0.0,0.106,0.388,110.23,171693,4,1
294,0.458,0.976,0,-3.791,1,0.0459,0.00182,0.0,0.193,0.76,154.007,218867,4,1
295,0.523,0.954,1,-3.051,1,0.0374,0.00385,1.65e-06,0.243,0.901,141.982,215120,4,1
296,0.514,0.918,7,-4.306,1,0.0365,0.0409,0.0,0.342,0.64,150.033,226173,4,1
297,0.523,0.666,7,-4.081,0,0.0327,0.401,0.0,0.0728,0.564,78.077,194187,4,1
298,0.362,0.882,3,-3.717,1,0.0973,0.0791,0.0,0.15,0.864,199.811,185200,4,1
299,0.555,0.931,8,-2.969,1,0.0367,0.016,0.0,0.405,0.723,132.085,220907,4,1
300,0.588,0.885,6,-3.046,1,0.0345,0.0788,0.0,0.175,0.787,129.925,198120,4,1
301,0.457,0.948,10,-3.364,1,0.0354,0.0191,0.0,0.0536,0.878,148.0,208960,4,1
302,0.582,0.797,5,-4.926,1,0.0334,0.23,0.0,0.132,0.595,135.973,196027,4,1
303,0.41,0.9,0,-4.249,0,0.0656,0.0167,1.09e-05,0.339,0.558,176.962,284960,4,1
304,0.681,0.795,6,-6.652,1,0.049,0.305,9.41e-06,0.109,0.64,135.939,219160,4,1
305,0.623,0.59,4,-5.014,1,0.028,0.646,0.0,0.295,0.579,137.071,204200,4,1
306,0.512,0.58,3,-6.658,0,0.029,0.621,1.72e-05,0.513,0.303,159.847,178147,3,1
307,0.456,0.679,1,-4.802,1,0.0324,0.176,0.0,0.103,0.483,184.075,212030,4,1
308,0.553,0.872,1,-2.832,0,0.0782,0.198,0.0,0.0659,0.638,172.138,220573,4,1
309,0.522,0.801,5,-5.424,1,0.1,0.224,0.0,0.301,0.491,155.928,189307,3,1
310,0.68,0.741,2,-5.055,1,0.0357,0.347,1.87e-06,0.117,0.635,127.024,229400,4,1
311,0.375,0.574,7,-5.305,1,0.0315,0.143,0.0,0.11,0.406,132.025,196800,3,1
39112,0.677,0.804,1,-5.337,0,0.0677,0.0818,1.92e-05,0.158,0.41,122.111,170045,4,0
56575,0.856,0.48,10,-8.237,1,0.0357,0.77,0.0,0.122,0.77,109.976,240692,4,0
102219,0.586,0.556,6,-7.639,1,0.0592,0.00655,0.0,0.0836,0.517,167.018,176124,4,0
61681,0.511,0.954,8,-1.906,1,0.0633,0.488,0.0,0.915,0.676,134.027,264785,4,0
105505,0.346,0.417,10,-11.913,1,0.0361,0.567,0.856,0.122,0.317,90.038,141333,4,0
52432,0.444,0.426,7,-10.28,1,0.0324,0.179,0.0,0.368,0.83,132.755,141666,4,0
3113,0.318,0.943,4,-3.188,0,0.107,0.00721,2.06e-06,0.242,0.298,189.985,235893,4,0
101056,0.169,0.629,2,-16.737,0,0.0452,0.81,0.993,0.915,1e-05,85.16,188409,4,0
45188,0.676,0.641,7,-13.536,1,0.0391,0.165,0.585,0.0808,0.822,98.949,214987,4,0
36806,0.765,0.669,8,-8.018,1,0.302,0.0797,1.51e-06,0.129,0.106,119.022,165504,4,0
51247,0.772,0.803,1,-3.035,1,0.0468,0.187,0.0,0.434,0.853,94.98,242160,4,0
15164,0.766,0.426,0,-8.413,1,0.0573,0.812,0.0,0.108,0.436,109.925,148361,4,0
54564,0.489,0.498,7,-16.066,1,0.0361,0.235,0.914,0.0955,0.247,85.025,191848,4,0
79347,0.761,0.0685,2,-16.678,1,0.0407,0.993,0.928,0.155,0.0764,119.972,240618,4,0
105336,0.578,0.167,0,-17.803,0,0.317,0.962,0.97,0.117,0.279,89.894,89986,4,0
11612,0.807,0.105,9,-13.188,1,0.0412,0.964,0.0,0.103,0.372,109.014,220506,4,0
88868,0.714,0.701,2,-4.643,1,0.0494,0.503,8.68e-06,0.122,0.6,152.026,165789,4,0
105007,0.737,0.161,5,-18.395,1,0.11,0.909,0.941,0.121,0.169,87.981,155454,4,0
22299,0.33,0.921,6,-3.627,1,0.135,0.000941,0.00123,0.338,0.456,149.542,208120,4,0
96931,0.329,0.501,7,-9.224,0,0.0432,0.529,0.0,0.426,0.347,95.07,253493,4,0
14519,0.925,0.395,0,-9.129,1,0.0424,0.837,2.23e-06,0.352,0.962,100.005,65179,4,0
98817,0.654,0.528,2,-6.003,1,0.0446,0.36,0.0,0.109,0.626,121.007,231000,4,0
92517,0.478,0.624,5,-11.16,1,0.0393,0.655,0.00197,0.114,0.579,138.708,226893,4,0
42660,0.369,0.963,2,-4.066,1,0.111,3.74e-05,0.669,0.587,0.215,158.044,154466,4,0
45455,0.536,0.0899,7,-17.357,0,0.0383,0.961,0.725,0.118,0.0844,105.901,169607,3,0
5387,0.516,0.791,3,-1.927,1,0.0318,0.00345,0.0,0.141,0.48,96.921,324633,4,0
69045,0.569,0.258,7,-8.91,1,0.0313,0.922,6.12e-06,0.138,0.231,116.983,246000,3,0
22177,0.197,0.977,5,-5.63,0,0.0693,9.78e-05,0.694,0.18,0.0819,157.221,356800,4,0
73523,0.647,0.794,7,-11.599,1,0.0447,0.0417,0.799,0.113,0.374,123.979,412859,4,0
33732,0.226,0.882,7,-2.653,1,0.104,0.024,0.0,0.393,0.358,72.486,223074,4,0
81103,0.811,0.655,1,-7.118,0,0.0353,0.0947,1.63e-06,0.068,0.925,117.979,233666,4,0
85614,0.401,0.901,1,-5.011,0,0.041,0.0704,0.0,0.538,0.839,134.799,193320,4,0
15599,0.576,0.405,10,-15.585,0,0.0433,0.779,0.93,0.0972,0.133,130.057,139384,4,0
4491,0.266,0.00361,8,-29.735,1,0.052,0.995,0.925,0.0723,0.0631,94.861,160453,4,0
30137,0.592,0.873,9,-5.65,1,0.0275,0.0723,0.00986,0.142,0.515,122.015,277261,4,0
6083,0.282,0.997,6,-4.833,1,0.0774,3.3e-06,0.664,0.052,0.615,177.114,166426,4,0
87608,0.566,0.946,0,-5.572,1,0.127,0.249,0.0,0.914,0.66,158.005,248200,4,0
52199,0.655,0.256,4,-14.003,1,0.0293,0.354,2.22e-06,0.112,0.315,114.588,229133,3,0
113900,0.237,0.161,2,-12.265,1,0.0326,0.778,0.00358,0.182,0.0812,104.997,777866,4,0
21313,0.819,0.625,2,-5.211,0,0.0525,0.384,0.0,0.0471,0.621,106.982,212383,4,0
57496,0.538,0.318,7,-13.036,0,0.0417,0.88,7.28e-05,0.116,0.0897,144.988,181210,4,0
112348,0.631,0.555,1,-8.093,0,0.0442,0.696,0.0,0.426,0.778,127.958,214973,4,0
21066,0.808,0.697,5,-8.22,0,0.455,0.0106,1.39e-06,0.189,0.51,119.632,205333,5,0
53336,0.661,0.486,5,-4.438,1,0.0431,0.454,0.0,0.0994,0.309,78.31,208692,4,0
111309,0.839,0.595,10,-9.179,0,0.0499,0.0631,0.825,0.182,0.523,94.759,245493,4,0
86249,0.538,0.825,0,-4.021,1,0.0478,0.0105,1.43e-05,0.0693,0.467,125.056,233733,4,0
17621,0.589,0.719,7,-8.746,0,0.0549,0.000578,0.115,0.104,0.327,110.002,284454,4,0
27978,0.55,0.919,5,-5.129,0,0.0448,0.0379,0.582,0.0841,0.339,174.991,207085,4,0
64220,0.579,0.502,8,-7.57,1,0.0513,0.733,0.0,0.281,0.836,76.783,131733,4,0
28714,0.401,0.963,6,-0.263,0,0.0826,0.00237,1.74e-05,0.105,0.174,149.961,259200,4,0
30030,0.561,0.965,7,-3.673,0,0.0343,0.00383,7.07e-06,0.371,0.304,128.04,175238,4,0
35060,0.684,0.922,0,-2.383,1,0.0401,0.492,0.00318,0.349,0.947,158.066,149210,4,0
91641,0.602,0.553,11,-9.336,1,0.0328,0.108,0.0,0.0512,0.971,130.594,118840,4,0
61683,0.511,0.984,6,-2.154,1,0.0468,0.000625,0.232,0.167,0.781,150.129,223155,4,0
5470,0.762,0.545,1,-10.262,1,0.348,0.152,0.0,0.352,0.248,129.887,197927,4,0
5238,0.57,0.336,5,-12.397,1,0.0379,0.942,0.871,0.103,0.145,119.835,98000,4,0
106552,0.651,0.579,5,-8.023,0,0.0379,0.00166,0.000397,0.0794,0.443,138.993,221146,4,0
109059,0.732,0.627,11,-13.712,1,0.0524,0.000174,0.895,0.0981,0.266,131.007,239083,4,0
73033,0.88,0.477,0,-10.947,1,0.0732,0.00143,0.627,0.0922,0.209,125.017,539520,4,0
64398,0.604,0.225,1,-11.554,1,0.0344,0.566,0.0,0.148,0.674,138.46,161973,3,0
58066,0.63,0.823,6,-4.857,1,0.0496,0.0205,0.00458,0.0377,0.565,117.048,218593,4,0
47584,0.317,0.82,6,-7.013,1,0.0684,0.00506,0.000137,0.266,0.695,170.124,266466,4,0
103087,0.406,0.377,10,-11.717,1,0.0597,0.764,0.0,0.272,0.717,92.23,161693,4,0
113178,0.36,0.608,1,-7.811,1,0.0309,0.065,0.0,0.43,0.21,144.004,515387,4,0
45265,0.478,0.0999,0,-17.517,1,0.0524,0.993,0.952,0.105,0.098,82.773,248813,4,0
64146,0.596,0.315,8,-9.175,1,0.0428,0.961,0.0,0.258,0.64,119.935,171773,4,0
11977,0.768,0.396,4,-7.364,1,0.063,0.892,0.0,0.214,0.843,100.9,146960,4,0
66907,0.766,0.226,9,-5.875,1,0.055,0.785,0.0,0.165,0.877,93.05,48786,4,0
15039,0.803,0.75,11,-4.67,1,0.0551,0.0233,3.87e-05,0.045,0.628,106.0,136058,4,0
24378,0.892,0.255,0,-11.665,1,0.109,0.00767,0.957,0.125,0.569,121.005,212938,4,0
81975,0.776,0.808,11,-4.501,1,0.117,0.0297,0.000127,0.103,0.494,123.988,184104,4,0
64271,0.635,0.393,9,-10.889,1,0.0394,0.652,0.0,0.0845,0.97,107.172,69000,4,0
70001,0.643,0.8,1,-4.669,0,0.037,0.0249,0.000329,0.21,0.792,99.016,258786,4,0
94600,0.668,0.394,2,-12.825,1,0.0778,0.124,4.06e-06,0.0805,0.0998,133.855,220298,4,0
75152,0.354,0.076,9,-22.115,0,0.0545,0.982,0.839,0.149,0.0984,133.6,206000,4,0
104334,0.57,0.457,1,-11.006,0,0.0856,0.789,2.04e-06,0.971,0.527,79.109,363586,4,0
102284,0.839,0.441,6,-9.024,1,0.0499,0.727,9.86e-06,0.11,0.897,123.007,234066,4,0
12080,0.537,0.385,3,-6.216,1,0.0391,0.841,0.0,0.0948,0.554,169.98,215333,4,0
55598,0.444,0.651,5,-7.787,1,0.0497,0.496,0.000366,0.247,0.415,124.921,228960,3,0
17484,0.467,0.277,5,-9.041,1,0.0289,0.935,1.83e-06,0.115,0.6,96.639,147373,4,0
59562,0.442,0.998,11,-0.934,0,0.271,3.01e-05,0.0,0.0838,0.0863,160.093,204068,4,0
2707,0.645,0.792,4,-7.34,0,0.036,0.0562,0.0121,0.119,0.666,90.565,232453,4,0
26532,0.606,0.542,9,-11.154,0,0.0892,0.125,1.54e-05,0.154,0.342,121.794,218240,4,0
92583,0.615,0.764,3,-6.41,1,0.0468,0.79,1.54e-06,0.184,0.675,128.078,252251,4,0
14150,0.932,0.194,9,-15.76,1,0.047,0.552,0.0,0.0919,0.942,119.965,110031,4,0
81661,0.572,0.541,5,-6.45,1,0.0245,0.759,0.0,0.111,0.266,87.01,260590,4,0
52682,0.554,0.268,0,-10.739,1,0.0315,0.976,0.0,0.319,0.406,117.437,133306,4,0
96117,0.368,0.544,6,-11.108,0,0.0521,0.628,0.0,0.628,0.774,160.856,392533,4,0
22414,0.427,0.93,10,-3.734,0,0.0592,0.0194,0.000844,0.2,0.361,170.027,289240,4,0
4624,0.55,0.342,8,-16.771,1,0.0337,0.695,0.884,0.0899,0.169,120.949,423047,3,0
51274,0.72,0.711,1,-6.926,0,0.0457,0.309,0.0,0.492,0.713,148.223,174508,4,0
51273,0.82,0.491,11,-8.562,1,0.28,0.237,0.0,0.102,0.547,120.059,276096,4,0
68667,0.817,0.64,9,-4.397,0,0.1,0.254,0.0,0.197,0.398,90.011,181333,4,0
40242,0.243,0.696,9,-6.216,1,0.0451,0.109,0.00135,0.0577,0.136,135.119,268444,4,0
80159,0.858,0.833,5,-3.747,0,0.0471,0.375,0.0,0.112,0.693,107.977,256678,4,0
98971,0.584,0.793,5,-9.675,0,0.294,0.513,0.00159,0.958,0.731,108.454,224640,4,0
11529,0.352,0.479,6,-9.965,1,0.0338,0.339,0.000353,0.486,0.354,126.166,304666,4,0
14442,0.726,0.918,5,-2.391,1,0.0611,0.0621,0.0,0.588,0.881,130.044,160024,4,0
53894,0.612,0.963,5,-3.912,0,0.0531,0.00897,0.00378,0.294,0.179,138.009,183518,4,0
28935,0.783,0.672,9,-6.095,1,0.0518,0.00648,0.782,0.118,0.685,145.223,166489,4,0
5285,0.368,0.0509,11,-27.439,1,0.0333,0.959,0.866,0.14,0.446,185.343,68043,3,0
80000,0.535,0.765,1,-7.862,0,0.0444,0.054,0.0,0.0921,0.373,191.827,200120,4,0
45588,0.61,0.426,8,-10.535,1,0.0275,0.288,0.00125,0.0751,0.927,137.839,161872,4,0
109521,0.699,0.964,5,-4.223,1,0.035,0.001,0.771,0.187,0.404,122.007,299992,4,0
96079,0.528,0.805,7,-9.107,1,0.051,0.237,0.0,0.597,0.84,161.137,224560,4,0
52574,0.794,0.188,8,-12.302,1,0.0951,0.873,0.779,0.0773,0.857,129.468,112883,4,0
33958,0.857,0.851,10,-4.885,0,0.238,0.0366,0.000324,0.0919,0.675,82.986,124785,4,0
9034,0.541,0.321,5,-14.418,1,0.0329,0.714,0.00345,0.101,0.549,133.537,200360,4,0
19615,0.199,0.119,4,-15.13,0,0.0381,0.99,0.269,0.0912,0.0991,95.292,67500,4,0
97336,0.593,0.835,7,-2.044,1,0.0272,0.199,0.0,0.74,0.36,107.968,224800,4,0
43276,0.819,0.473,1,-8.356,0,0.0567,0.016,0.433,0.0644,0.638,120.02,328005,4,0
76124,0.299,0.306,2,-11.962,1,0.036,0.962,0.548,0.11,0.109,90.518,214120,3,0
12426,0.476,0.752,0,-6.244,1,0.043,0.385,0.0,0.135,0.685,173.888,207786,4,0
30562,0.734,0.874,8,-3.158,1,0.0662,0.168,1.14e-05,0.0489,0.905,122.953,166028,4,0
4171,0.336,0.044,7,-29.255,0,0.0456,0.982,0.96,0.221,0.0666,90.243,172444,4,0
108769,0.484,0.249,11,-17.28,0,0.0528,0.821,6.28e-05,0.969,0.481,84.737,248280,4,0
42115,0.26,0.875,1,-6.025,1,0.0446,8.69e-05,0.862,0.321,0.465,105.8,92226,4,0
109446,0.721,0.92,1,-8.355,0,0.0554,0.0151,3.94e-06,0.0911,0.113,128.003,427386,4,0
35959,0.788,0.479,6,-8.424,1,0.0293,0.453,0.0,0.143,0.555,125.046,175073,4,0
85677,0.302,0.818,11,-9.134,1,0.0478,0.0398,0.0,0.227,0.615,171.284,215880,4,0
109344,0.786,0.866,0,-10.324,1,0.08,3.34e-05,0.901,0.104,0.0475,133.001,382577,4,0
29922,0.412,0.506,4,-7.759,0,0.0364,0.0429,0.169,0.139,0.0685,180.106,193333,4,0
43956,0.773,0.897,2,-4.855,1,0.139,0.00301,0.612,0.118,0.372,123.978,212957,4,0
110491,0.686,0.73,11,-7.069,0,0.0438,0.00117,0.911,0.0204,0.341,122.0,463616,4,0
14588,0.701,0.154,6,-15.202,1,0.554,0.979,8.74e-06,0.236,0.314,95.609,102000,4,0
90532,0.716,0.485,0,-9.156,0,0.0295,0.663,8.83e-06,0.599,0.67,92.1,282240,4,0
86257,0.462,0.836,11,-5.766,0,0.0621,0.00517,0.0,0.18,0.671,168.766,155973,4,0
93791,0.414,0.168,4,-8.55,1,0.0696,0.994,6.92e-06,0.342,0.497,177.151,221524,4,0
110390,0.545,0.976,6,-5.454,1,0.0399,6.85e-05,0.705,0.127,0.382,144.99,516413,4,0
104740,0.507,0.559,8,-12.794,1,0.284,0.707,0.000853,0.326,0.366,132.499,319013,3,0
74284,0.588,0.812,7,-8.185,1,0.0342,0.00117,0.186,0.122,0.331,119.021,321647,4,0
97790,0.454,0.669,7,-5.52,1,0.0386,0.644,0.0,0.171,0.525,105.0,222640,4,0
26725,0.436,0.0514,9,-22.03,0,0.0448,0.99,0.942,0.0918,0.226,99.985,137301,4,0
97470,0.632,0.884,7,-2.752,1,0.0362,0.198,0.0,0.937,0.655,148.054,198293,4,0
34241,0.44,0.838,9,-6.196,1,0.0423,0.0956,0.0,0.473,0.619,138.908,253626,4,0
6840,0.145,0.995,1,-5.952,1,0.235,4.77e-06,0.348,0.649,0.0346,179.832,319866,3,0
48772,0.332,0.86,8,-2.988,1,0.0579,0.000471,0.0,0.263,0.6,182.101,190173,3,0
45662,0.411,0.388,11,-9.457,0,0.0496,0.538,0.929,0.304,0.356,97.313,86000,4,0
71518,0.365,0.763,11,-9.45,0,0.0591,0.00726,0.000457,0.0865,0.342,148.366,204866,4,0
5640,0.794,0.429,8,-15.872,1,0.0995,0.0858,0.0,0.0627,0.587,109.972,210333,4,0
87614,0.853,0.643,11,-6.763,0,0.364,0.251,0.0,0.41,0.549,80.913,247746,4,0
69600,0.724,0.501,10,-7.587,1,0.0402,0.501,2.78e-05,0.153,0.158,127.035,311947,4,0
113927,0.405,0.562,7,-7.929,1,0.0288,0.00775,1.37e-06,0.108,0.133,111.832,334173,4,0
2357,0.636,0.836,8,-3.004,1,0.0427,0.00609,0.000157,0.0828,0.715,139.956,193253,4,0
39500,0.596,0.738,8,-3.109,1,0.0411,0.109,0.0,0.0947,0.461,127.961,217346,4,0
78287,0.784,0.921,5,-3.434,0,0.0445,0.0929,8.35e-06,0.149,0.52,135.969,211880,4,0
39243,0.434,0.262,1,-12.874,1,0.0286,0.959,0.6,0.141,0.256,103.015,240760,4,0
94598,0.77,0.618,1,-7.28,1,0.324,0.276,0.0,0.0775,0.463,142.045,127425,4,0
90336,0.368,0.369,4,-10.908,0,0.027,0.47,0.000418,0.11,0.285,87.537,166160,4,0
95159,0.763,0.694,7,-4.033,1,0.0364,0.525,0.000296,0.0667,0.792,161.974,292253,4,0
74108,0.654,0.707,9,-5.103,0,0.0326,0.263,0.0,0.0736,0.7,126.038,202213,4,0
71628,0.506,0.539,2,-10.654,1,0.0293,0.11,0.0,0.185,0.208,118.668,265160,4,0
18849,0.435,0.726,10,-14.431,1,0.937,0.847,0.0,0.885,0.362,85.097,260838,5,0
59715,0.226,0.988,0,-6.717,1,0.2,0.00337,0.897,0.545,0.0721,159.96,467826,4,0
109571,0.778,0.893,11,-5.257,1,0.0635,0.00667,0.792,0.096,0.34,130.996,400172,4,0
48862,0.774,0.485,1,-10.955,1,0.319,0.00557,2.31e-06,0.107,0.392,156.001,219266,4,0
63115,0.627,0.884,7,-4.619,1,0.0484,0.0116,0.0,0.103,0.456,130.061,312826,4,0
4017,0.472,0.27,7,-11.649,1,0.027,0.729,0.0158,0.125,0.373,140.673,245840,4,0
94823,0.73,0.61,8,-7.784,0,0.238,0.373,0.0,0.144,0.8,146.572,157903,4,0
5514,0.502,0.874,1,-5.981,0,0.0677,0.0933,0.000173,0.0638,0.884,199.751,243903,4,0
30513,0.549,0.954,5,-7.046,1,0.152,0.00127,0.16,0.142,0.613,194.043,210309,4,0
88368,0.886,0.708,4,-5.915,0,0.0911,0.107,0.0114,0.044,0.965,109.976,317280,4,0
48961,0.129,0.879,10,-7.201,0,0.104,1.81e-05,4.12e-05,0.0494,0.277,87.85,190374,1,0
68508,0.865,0.522,6,-4.648,1,0.0761,0.105,0.0154,0.0671,0.692,91.015,192320,4,0
21378,0.618,0.749,7,-3.531,1,0.156,0.0096,0.0,0.13,0.772,86.862,268480,4,0
9196,0.398,0.754,7,-7.67,1,0.0541,0.00439,0.0,0.237,0.111,133.991,389820,4,0
52208,0.397,0.463,0,-7.152,1,0.0297,0.246,0.0023,0.0965,0.293,141.079,161653,3,0
99685,0.67,0.396,5,-7.967,1,0.03,0.256,0.0,0.112,0.358,77.988,248000,4,0
84378,0.647,0.56,9,-8.809,1,0.0387,0.723,0.0,0.118,0.913,120.418,125040,3,0
76413,0.279,0.41,9,-7.18,0,0.0297,0.931,0.0201,0.363,0.0686,97.487,303213,3,0
65714,0.484,0.374,7,-12.881,0,0.0301,0.285,9.79e-05,0.102,0.497,149.833,258088,4,0
30671,0.528,0.823,6,-5.294,1,0.0407,0.0202,0.0,0.217,0.686,125.992,178057,4,0
108737,0.66,0.13,2,-15.896,0,0.133,0.912,0.516,0.194,0.659,124.481,183414,4,0
104732,0.76,0.917,0,-5.197,1,0.186,0.0269,0.0,0.107,0.966,160.014,154493,4,0
68222,0.822,0.726,11,-6.177,0,0.0593,0.28,0.0,0.182,0.691,93.014,220080,4,0
50840,0.258,0.981,4,-5.75,1,0.122,0.0359,0.0,0.713,0.294,148.153,90469,4,0
100941,0.641,0.878,5,-6.63,1,0.0382,0.188,1.02e-05,0.637,0.967,148.948,168680,4,0
43140,0.452,0.659,9,-4.692,1,0.0349,0.582,0.0,0.0631,0.508,150.056,329040,4,0
53129,0.534,0.714,6,-6.347,0,0.0629,0.00633,0.0,0.0879,0.415,125.99,201700,4,0
38684,0.191,0.928,1,-3.051,1,0.0736,0.018,1.07e-05,0.16,0.601,156.139,248146,4,0
77477,0.404,0.687,10,-8.181,1,0.048,0.811,0.0,0.199,0.801,159.212,297018,4,0
15663,0.726,0.618,2,-7.073,1,0.0571,0.481,0.0,0.0945,0.374,110.068,139289,4,0
111813,0.706,0.52,8,-7.496,0,0.0289,0.566,0.856,0.158,0.354,108.999,304333,4,0
68026,0.736,0.569,8,-3.559,0,0.0779,0.144,5.27e-05,0.112,0.433,171.973,191506,4,0
88360,0.626,0.769,11,-5.296,0,0.0325,0.00291,0.0,0.0598,0.237,127.949,274946,4,0
88401,0.817,0.539,6,-6.349,0,0.0621,0.0141,0.000496,0.099,0.158,97.062,210367,4,0
83100,0.686,0.718,8,-5.054,0,0.0431,0.00637,0.000703,0.119,0.557,115.026,206320,4,0
29932,0.469,0.741,8,-6.445,1,0.0885,0.00309,0.93,0.185,0.0704,140.038,241766,4,0
55989,0.504,0.548,7,-6.559,1,0.0296,0.803,0.0,0.324,0.279,162.997,196932,3,0
14946,0.392,0.0801,10,-19.001,1,0.135,0.88,0.0,0.35,0.653,183.256,153000,3,0
76855,0.0717,0.442,3,-5.967,1,0.0358,0.963,0.00221,0.199,0.0706,67.102,271250,3,0
41095,0.275,0.857,0,-4.929,1,0.0483,4.2e-05,0.000143,0.232,0.321,130.022,225893,4,0
59368,0.327,0.0659,5,-19.252,1,0.0484,0.965,0.556,0.0977,0.0386,137.993,1085962,4,0
17674,0.78,0.953,1,-7.636,1,0.234,0.437,0.813,0.106,0.415,110.449,265280,4,0
111333,0.637,0.89,4,-5.291,0,0.0747,0.131,0.0055,0.0735,0.858,118.315,133466,4,0
97227,0.517,0.474,2,-5.043,1,0.0408,0.783,0.0,0.174,0.693,99.419,211388,3,0
106231,0.777,0.645,0,-6.741,1,0.0851,0.174,0.0,0.0929,0.744,95.039,279502,4,0
86989,0.615,0.725,2,-9.956,1,0.0605,0.014,0.0,0.0824,0.969,164.292,217066,4,0
77539,0.572,0.797,7,-5.302,1,0.0468,0.485,0.0,0.921,0.455,120.082,219493,4,0
67251,0.807,0.606,3,-8.871,0,0.0872,0.0946,0.0,0.119,0.304,92.988,227520,4,0
406,0.598,0.819,9,-2.619,1,0.0911,0.00081,0.0,0.218,0.878,158.115,251266,4,0
91738,0.574,0.966,4,-3.034,1,0.0685,0.0141,0.0,0.43,0.788,128.034,199253,4,0
104252,0.713,0.647,8,-8.314,1,0.346,0.728,0.0,0.139,0.281,120.036,176374,4,0
46153,0.462,0.967,6,-0.965,0,0.154,0.00949,1.34e-06,0.335,0.265,174.893,194734,4,0
44211,0.545,0.962,7,-4.552,1,0.14,0.0133,0.0,0.059,0.539,160.017,146493,4,0
54144,0.747,0.708,6,-8.962,0,0.0364,0.631,0.873,0.0839,0.33,109.972,410106,4,0
108872,0.448,0.342,5,-10.666,0,0.0391,0.923,0.0115,0.259,0.714,100.526,173573,3,0
78585,0.736,0.849,10,-5.172,1,0.0592,0.133,0.0,0.35,0.794,136.067,196200,4,0
98352,0.76,0.562,0,-6.916,1,0.203,0.147,0.0,0.134,0.618,98.921,176493,4,0
57910,0.558,0.312,6,-11.001,1,0.0363,0.782,0.0,0.105,0.309,148.534,321912,4,0
69326,0.738,0.9,1,-3.269,1,0.0424,0.00962,0.0,0.26,0.192,99.931,194503,4,0
62716,0.601,0.988,9,-5.4,0,0.0727,0.146,0.0,0.0682,0.864,153.966,239640,4,0
42665,0.114,0.988,7,-5.299,1,0.145,0.000153,0.901,0.777,0.0295,95.125,134815,4,0
8098,0.574,0.414,9,-7.16,0,0.0495,0.842,0.0,0.172,0.867,77.968,163040,4,0
38566,0.557,0.769,11,-5.401,1,0.0285,0.412,0.0,0.173,0.395,116.088,218352,4,0
89276,0.759,0.843,8,-3.718,1,0.0913,0.127,0.0,0.114,0.56,105.016,263666,4,0
62073,0.43,0.543,8,-6.296,1,0.0367,0.463,0.000523,0.0928,0.354,143.912,200461,4,0
56066,0.719,0.671,8,-6.279,1,0.0336,0.0372,8.21e-06,0.12,0.786,130.027,237626,4,0
58132,0.624,0.904,4,-4.774,1,0.0479,0.00112,0.0231,0.604,0.649,130.153,216733,4,0
64027,0.461,0.0825,3,-12.457,1,0.0474,0.984,3.06e-05,0.704,0.194,104.138,184066,3,0
90179,0.498,0.432,9,-14.386,1,0.0345,0.688,0.0,0.136,0.365,135.015,245333,3,0
74486,0.622,0.697,4,-6.083,1,0.0256,0.217,2.06e-05,0.128,0.401,90.014,208893,4,0
2168,0.403,0.59,5,-5.941,1,0.0284,0.508,0.00548,0.272,0.393,141.649,297293,4,0
32712,0.903,0.489,6,-7.383,0,0.0488,0.0756,0.00141,0.104,0.78,124.042,177248,4,0
86153,0.51,0.787,0,-3.712,0,0.0529,0.0137,0.0,0.368,0.793,162.092,174424,4,0
23886,0.533,0.508,6,-7.808,1,0.0405,0.266,4.48e-05,0.213,0.246,104.871,190750,4,0
55015,0.483,0.468,8,-7.642,1,0.0341,0.784,0.0,0.152,0.319,135.875,247941,4,0
39080,0.392,0.135,9,-27.178,0,0.0534,0.994,0.871,0.0867,0.537,129.774,103533,4,0
63888,0.299,0.611,0,-3.69,1,0.033,0.00406,0.0,0.104,0.632,80.911,191933,4,0
99924,0.687,0.191,7,-12.151,1,0.0306,0.926,0.00055,0.1,0.371,106.029,326040,4,0
31670,0.797,0.86,10,-4.38,0,0.0413,0.0312,0.0137,0.334,0.192,124.033,166451,4,0
34769,0.577,0.434,7,-8.437,1,0.0303,0.887,0.215,0.0822,0.321,79.497,178626,4,0
14556,0.62,0.255,4,-12.163,1,0.0281,0.937,0.0,0.0918,0.25,91.988,154000,4,0
51425,0.71,0.522,11,-9.102,1,0.36,0.615,0.0,0.11,0.37,96.448,309327,4,0
10304,0.721,0.579,0,-5.347,1,0.0498,0.0018,0.115,0.144,0.583,132.105,421546,4,0
63969,0.578,0.885,5,-3.065,0,0.0913,0.0429,0.0,0.256,0.647,94.918,209684,4,0
87689,0.366,0.413,8,-6.496,1,0.0303,0.818,0.0,0.2,0.193,73.4,182133,4,0
21764,0.826,0.736,1,-7.822,1,0.356,0.289,0.0,0.12,0.693,139.854,159813,4,0
98185,0.668,0.571,9,-7.857,1,0.438,0.529,0.0,0.16,0.895,156.237,81533,4,0
3020,0.386,0.936,8,-4.005,1,0.0701,0.0121,1.6e-05,0.266,0.418,176.366,186148,4,0
15776,0.635,0.722,9,-5.088,1,0.123,0.444,0.0,0.0774,0.641,150.842,149549,4,0
103536,0.409,0.322,0,-9.226,1,0.0255,0.647,0.0,0.347,0.191,80.164,230706,4,0
84819,0.622,0.239,5,-18.982,0,0.0447,0.859,0.051,0.109,0.737,79.674,172866,4,0
31760,0.572,0.75,1,-5.042,0,0.0604,0.0946,0.0,0.378,0.475,144.081,182626,4,0
55953,0.699,0.339,6,-13.51,1,0.0323,0.601,0.368,0.0932,0.439,104.993,299041,4,0
32806,0.691,0.856,10,-5.614,1,0.0407,0.0614,0.119,0.034,0.414,136.98,213340,4,0
74736,0.618,0.701,0,-11.905,1,0.0611,0.072,0.0,0.0627,0.889,124.449,190960,4,0
70948,0.46,0.406,7,-9.222,1,0.0612,0.582,0.0,0.433,0.397,141.767,238000,4,0
106722,0.586,0.595,5,-8.91,0,0.345,0.835,0.0,0.0925,0.928,199.978,160800,4,0
15772,0.662,0.206,11,-14.994,0,0.0473,0.95,0.797,0.102,0.278,123.934,155715,4,0
70245,0.471,0.502,2,-6.357,1,0.0295,0.285,0.0,0.108,0.201,148.009,313281,4,0
60726,0.647,0.804,8,-3.19,1,0.304,0.0146,0.0,0.0832,0.393,90.848,195092,4,0
71937,0.533,0.983,5,-5.175,1,0.107,9.47e-05,0.49,0.136,0.12,122.011,288657,4,0
2470,0.531,0.887,5,-4.417,0,0.0329,0.00261,0.000512,0.0657,0.626,104.055,231665,4,0
85370,0.489,0.947,2,-4.744,1,0.0405,0.000489,2.36e-05,0.398,0.779,155.024,136853,4,0
37507,0.763,0.598,0,-5.412,1,0.0887,0.264,0.0,0.206,0.746,117.048,241666,4,0
109693,0.58,0.725,10,-4.996,1,0.0289,0.479,0.0,0.386,0.629,131.332,278400,4,0
17702,0.588,0.684,6,-5.924,1,0.0426,0.000113,0.0949,0.102,0.0377,95.015,330480,4,0
9168,0.581,0.857,7,-5.89,0,0.127,0.374,0.0462,0.96,0.697,140.885,306961,4,0
28642,0.762,0.858,9,-4.589,0,0.0313,0.321,0.0629,0.276,0.836,126.005,219746,4,0
81368,0.56,0.604,8,-8.732,1,0.0866,0.315,1.12e-06,0.176,0.75,84.784,281573,4,0
62648,0.683,0.77,6,-6.49,1,0.0246,0.00263,7.03e-06,0.354,0.784,102.732,230320,4,0
110943,0.448,0.99,7,-5.93,0,0.0711,0.0255,0.725,0.233,0.0341,138.002,191739,4,0
103654,0.599,0.332,6,-9.434,0,0.0497,0.744,6.93e-05,0.133,0.184,93.941,217173,4,0
23780,0.77,0.722,6,-3.951,0,0.0327,0.0708,0.0,0.101,0.711,105.995,175368,4,0
15934,0.504,0.173,9,-18.548,0,0.0318,0.987,0.0755,0.355,0.116,142.113,91773,4,0
98889,0.483,0.854,0,-5.558,1,0.234,0.29,1.08e-05,0.0901,0.473,85.166,143267,4,0
19890,0.487,0.821,0,-4.221,1,0.0406,0.0407,0.0,0.272,0.539,139.957,243040,4,0
34602,0.574,0.735,0,-7.668,1,0.0346,0.244,0.0229,0.4,0.544,116.06,310906,4,0
79895,0.414,0.7,5,-8.838,1,0.0301,0.22,0.000721,0.114,0.37,76.79,308853,4,0
11221,0.263,0.759,0,-7.288,1,0.0431,0.0555,0.0,0.231,0.429,179.904,284496,4,0
97698,0.726,0.859,7,-4.207,1,0.0465,0.266,1.54e-06,0.786,0.677,133.967,199916,4,0
72949,0.373,0.995,1,-2.235,0,0.162,7.76e-05,0.0,0.341,0.0566,116.398,206426,4,0
76780,0.179,0.657,6,-6.959,1,0.0692,0.887,0.0,0.975,0.293,79.059,301333,3,0
62850,0.466,0.897,9,-2.989,1,0.0403,0.000206,0.253,0.351,0.802,159.988,197040,4,0
48888,0.282,0.961,2,-6.566,1,0.13,0.000433,4.5e-06,0.0522,0.506,161.109,171146,3,0
92030,0.647,0.876,10,-5.662,1,0.185,0.881,3.59e-05,0.26,0.949,151.925,162897,4,0
71033,0.619,0.696,7,-6.263,0,0.0315,1.93e-05,0.00555,0.38,0.727,125.984,219720,4,0
64074,0.43,0.543,8,-6.296,1,0.0367,0.463,0.000523,0.0928,0.354,143.912,200461,4,0
93700,0.314,0.198,0,-17.584,0,0.167,0.991,0.0577,0.733,0.18,84.182,168722,4,0
35061,0.638,0.961,10,-2.228,0,0.0475,0.386,0.0,0.697,0.962,164.985,139634,4,0
29890,0.565,0.929,7,-5.287,0,0.0379,0.109,0.286,0.603,0.249,125.999,188571,4,0
85540,0.464,0.927,7,-4.514,1,0.0697,0.00677,2.71e-06,0.366,0.718,140.108,188306,4,0
18414,0.619,0.644,6,-14.164,0,0.954,0.738,0.0,0.698,0.464,85.532,144319,4,0
7461,0.403,0.0968,6,-16.626,0,0.0406,0.961,4.46e-05,0.0922,0.184,140.848,197373,4,0
88633,0.743,0.796,11,-5.733,1,0.073,0.199,0.0,0.0577,0.683,95.003,202893,4,0
24252,0.793,0.839,8,-9.985,0,0.0565,0.427,0.908,0.592,0.95,130.991,486359,4,0
53271,0.651,0.646,10,-6.548,0,0.0408,0.00738,3.19e-05,0.193,0.124,104.139,171585,4,0
100663,0.7,0.482,7,-11.331,1,0.0766,0.0415,0.0,0.103,0.663,144.037,229394,4,0
73603,0.801,0.326,10,-12.914,0,0.0606,0.558,0.826,0.0874,0.514,127.019,233856,4,0
1493,0.622,0.797,7,-8.958,0,0.0312,0.117,0.909,0.16,0.795,114.822,239693,4,0
35816,0.655,0.976,1,-3.378,1,0.0399,0.0822,9.7e-06,0.284,0.739,174.099,167587,4,0
43924,0.856,0.896,5,-8.5,0,0.0625,0.000456,0.713,0.0143,0.706,123.998,263225,4,0
2205,0.714,0.905,4,-5.137,0,0.245,0.0921,0.00149,0.0863,0.362,118.119,180137,4,0
101987,0.119,0.0179,1,-31.695,1,0.0508,0.991,0.944,0.164,0.299,52.982,136800,4,0
106708,0.756,0.694,9,-4.861,0,0.147,0.266,0.0,0.0929,0.702,151.932,182383,4,0
111198,0.639,0.776,1,-6.739,1,0.142,0.0769,0.0294,0.484,0.578,93.919,340253,4,0
29444,0.478,0.664,9,-13.418,1,0.251,0.141,4.86e-05,0.426,0.249,86.729,59165,1,0
19868,0.529,0.906,8,-5.064,0,0.0677,0.265,0.0,0.1,0.836,184.384,172330,4,0
66753,0.831,0.646,8,-7.407,1,0.42,0.0253,0.0,0.0788,0.715,201.892,212986,4,0
85520,0.469,0.581,5,-10.358,1,0.0341,0.0626,0.0497,0.102,0.356,88.906,233706,4,0
17694,0.358,0.456,11,-9.638,0,0.107,0.138,0.0258,0.469,0.425,139.841,193714,4,0
88602,0.623,0.901,10,-4.402,0,0.182,0.0785,0.0,0.0251,0.896,179.985,186533,4,0
45576,0.62,0.445,2,-8.625,0,0.0486,0.847,9.12e-05,0.117,0.679,147.013,160720,3,0
82615,0.373,0.142,7,-14.455,1,0.0357,0.74,2.35e-06,0.0705,0.16,122.321,259839,4,0
78960,0.759,0.703,11,-5.565,0,0.0407,0.0192,0.0,0.214,0.662,127.973,195066,4,0
109663,0.791,0.403,7,-9.887,1,0.0534,0.0153,0.839,0.109,0.202,124.993,492835,4,0
27163,0.612,0.825,7,-6.261,1,0.217,0.00231,0.000462,0.294,0.114,125.943,400000,4,0
29701,0.368,0.754,1,-5.185,1,0.0502,0.00928,0.0,0.256,0.281,169.881,258678,4,0
35826,0.842,0.693,6,-4.895,1,0.0381,0.307,0.00241,0.159,0.929,139.95,184032,4,0
38697,0.284,0.882,2,-4.966,1,0.0434,0.104,0.594,0.351,0.549,108.666,154840,4,0
70977,0.644,0.757,4,-4.498,1,0.0342,0.0651,0.0,0.2,0.61,110.973,249333,4,0
1066,0.793,0.658,2,-6.332,1,0.0552,0.652,1.11e-06,0.082,0.96,114.039,219071,4,0
10859,0.597,0.837,5,-6.382,1,0.0385,0.000863,0.0,0.107,0.531,125.971,328000,4,0
32237,0.718,0.725,9,-5.409,1,0.0519,0.153,0.0,0.32,0.65,100.044,167726,4,0
36845,0.359,0.392,5,-8.091,1,0.0327,0.194,4.08e-06,0.376,0.145,116.894,445653,4,0
104318,0.601,0.707,11,-10.311,1,0.119,0.787,1.59e-05,0.0734,0.542,164.051,223170,4,0
67698,0.708,0.788,1,-3.745,1,0.122,0.119,1.51e-05,0.0543,0.697,178.039,219853,4,0
21344,0.754,0.837,4,-3.747,0,0.0985,0.207,6.6e-06,0.29,0.88,98.028,207219,4,0
65996,0.806,0.633,0,-4.674,0,0.0487,0.289,0.0,0.169,0.74,103.06,257743,4,0
57837,0.735,0.648,1,-4.523,0,0.0334,0.0114,0.000213,0.309,0.395,97.985,180589,4,0
86092,0.721,0.521,2,-8.123,1,0.0613,0.0708,0.00545,0.127,0.942,123.118,261413,4,0
77926,0.618,0.733,2,-7.328,1,0.0332,0.764,0.0,0.884,0.898,93.976,202895,4,0
59801,0.467,0.782,10,-8.136,1,0.0599,0.00181,5.72e-05,0.0971,0.203,145.059,261500,4,0
27595,0.668,0.859,6,-5.947,1,0.0367,0.0351,0.569,0.248,0.802,118.001,276937,4,0
4249,0.277,0.0314,2,-30.21,1,0.0545,0.992,0.943,0.0712,0.0495,131.571,411080,3,0
25698,0.692,0.778,10,-4.534,1,0.0405,0.245,0.0,0.22,0.51,123.066,236046,4,0
64691,0.375,0.139,9,-19.789,0,0.0324,0.977,8.61e-06,0.0984,0.0878,75.993,166440,3,0
8051,0.401,0.368,7,-10.511,1,0.0452,0.822,0.0,0.0674,0.681,159.844,225160,4,0
106674,0.468,0.942,7,-2.837,1,0.0361,0.0145,0.0,0.537,0.511,149.743,231866,4,0
106083,0.575,0.75,3,-6.636,1,0.0589,0.294,0.0,0.138,0.298,99.86,177634,4,0
62501,0.604,0.666,4,-7.155,1,0.0271,0.0499,3.78e-05,0.14,0.246,132.031,337960,4,0
4869,0.719,0.363,7,-12.567,1,0.0545,0.692,0.73,0.0803,0.122,142.046,168560,3,0
73553,0.793,0.608,6,-11.638,0,0.0673,0.588,0.861,0.0991,0.118,124.988,383972,4,0
82732,0.288,0.947,0,-2.975,1,0.0638,0.223,0.0,0.254,0.432,93.396,163706,4,0
7003,0.514,0.243,3,-12.348,1,0.0288,0.752,0.00054,0.0822,0.388,171.816,260800,4,0
47614,0.453,0.897,2,-5.376,1,0.0705,0.000358,0.0956,0.365,0.492,141.167,317800,4,0
52405,0.504,0.302,2,-11.754,1,0.0269,0.586,0.0613,0.113,0.671,99.054,153213,4,0
5148,0.282,0.181,0,-13.767,1,0.034,0.734,0.0635,0.0737,0.0522,79.987,385860,4,0
19913,0.596,0.786,8,-4.782,1,0.0391,0.00715,0.0,0.192,0.788,93.959,211843,4,0
112320,0.412,0.352,0,-8.956,0,0.0421,0.831,0.0,0.126,0.457,157.493,214412,3,0
90202,0.607,0.347,7,-12.241,1,0.0369,0.695,0.0,0.121,0.644,125.485,124560,4,0
49860,0.528,0.877,6,-4.089,1,0.0418,0.0463,0.0,0.368,0.535,150.06,236174,4,0
87582,0.61,0.687,9,-9.138,1,0.0353,0.439,1.46e-06,0.815,0.555,102.912,255451,4,0
66654,0.701,0.68,2,-5.713,1,0.317,0.24,0.000568,0.0383,0.766,135.605,58906,4,0
59487,0.195,0.379,2,-15.678,1,0.0398,0.0707,0.657,0.11,0.0697,80.396,218181,3,0
107696,0.504,0.59,9,-11.792,1,0.0597,0.327,0.00306,0.109,0.91,121.812,189866,4,0
96546,0.671,0.627,0,-8.094,0,0.0522,0.797,1.03e-06,0.263,0.894,99.118,330814,4,0
105934,0.547,0.282,10,-10.151,1,0.0306,0.947,0.866,0.099,0.0788,80.008,120000,4,0
31956,0.703,0.656,6,-5.363,0,0.078,0.139,0.0,0.0947,0.455,82.964,146375,4,0
102061,0.55,0.356,9,-14.142,1,0.0405,0.637,0.187,0.32,0.343,159.911,214603,3,0
62204,0.308,0.955,4,-3.763,1,0.111,2.39e-05,0.113,0.166,0.237,174.991,243346,4,0
4350,0.634,0.207,11,-22.772,0,0.0354,0.434,0.881,0.105,0.174,117.981,315369,4,0
31255,0.587,0.963,0,0.366,0,0.0552,0.0656,0.0,0.27,0.491,127.842,175721,4,0
91890,0.571,0.836,0,-5.556,1,0.0371,0.194,4.09e-06,0.182,0.73,141.612,272733,4,0
82226,0.454,0.883,7,-5.278,1,0.122,0.0623,0.000129,0.199,0.743,151.268,159373,4,0
91621,0.603,0.886,5,-3.777,0,0.0837,0.00045,0.0,0.26,0.395,126.027,229933,4,0
62479,0.579,0.915,9,-3.322,1,0.0353,0.136,0.0,0.0962,0.654,139.11,273303,4,0
53557,0.771,0.883,1,-5.243,0,0.0584,0.00596,0.00607,0.135,0.895,127.008,178304,4,0
24444,0.384,0.708,10,-10.687,0,0.0458,0.00548,0.884,0.137,0.236,127.012,372692,4,0
94187,0.749,0.124,10,-16.562,1,0.0398,0.849,0.819,0.132,0.164,108.016,128906,4,0
25973,0.415,0.358,7,-13.509,1,0.0382,0.759,0.0,0.67,0.422,125.414,206933,4,0
15849,0.467,0.274,5,-15.183,0,0.0322,0.854,0.905,0.176,0.0396,126.077,142857,4,0
51465,0.354,0.712,3,-6.109,0,0.0589,0.358,4.19e-05,0.274,0.238,93.345,368852,4,0
57421,0.752,0.385,4,-12.175,1,0.0425,0.685,0.0,0.139,0.809,104.043,130658,4,0
96558,0.821,0.355,5,-7.15,0,0.0392,0.854,0.0,0.104,0.588,117.286,152801,5,0
62257,0.748,0.741,6,-3.103,1,0.0531,0.00419,0.0,0.147,0.537,128.077,213053,4,0
94339,0.614,0.657,9,-3.979,1,0.0255,0.614,0.0,0.157,0.619,92.048,220500,4,0
108298,0.63,0.398,5,-8.036,1,0.106,0.842,0.0432,0.0907,0.643,125.664,152800,4,0
83555,0.667,0.823,7,-3.797,1,0.0673,0.0607,0.0,0.0771,0.35,127.903,168725,4,0
10501,0.384,0.99,7,-3.826,1,0.0601,0.00474,0.036,0.363,0.663,193.93,247989,4,0
3251,0.512,0.483,0,-7.798,1,0.0298,0.00304,0.0011,0.12,0.367,160.009,217026,4,0
69336,0.36,0.351,4,-11.293,1,0.0393,0.851,0.000986,0.301,0.474,75.007,280994,3,0
83621,0.671,0.643,8,-9.137,1,0.126,0.428,0.968,0.0998,0.0384,123.022,286940,4,0
111527,0.711,0.714,8,-8.533,0,0.0461,0.141,0.053,0.104,0.71,109.985,287040,4,0
88158,0.627,0.858,11,-2.824,0,0.386,0.263,0.0,0.21,0.342,92.523,209160,4,0
81800,0.449,0.465,0,-8.964,1,0.0791,0.524,1.02e-06,0.303,0.543,89.087,198370,3,0
103389,0.582,0.705,3,-8.169,1,0.0539,0.29,1.38e-06,0.797,0.64,128.89,181360,4,0
99986,0.503,0.595,7,-9.383,1,0.0294,0.0895,2.49e-06,0.148,0.457,128.099,371200,4,0
18581,0.646,0.979,2,-5.063,1,0.91,0.852,0.0,0.677,0.0486,63.872,50333,3,0
14064,0.959,0.2,4,-12.65,1,0.155,0.8,0.00398,0.0842,0.717,119.925,169302,3,0
59291,0.11,0.982,7,-5.498,1,0.0589,0.474,0.78,0.175,0.0334,153.511,264662,4,0
64532,0.321,0.09,0,-21.296,0,0.0321,0.838,0.00266,0.0998,0.157,65.825,224906,4,0
85511,0.643,0.709,1,-7.414,0,0.0373,0.00307,0.0,0.15,0.674,99.469,137773,4,0
44275,0.524,0.94,9,-3.994,1,0.111,0.000217,0.0,0.623,0.664,150.184,184866,4,0
93813,0.658,0.412,10,-5.865,0,0.0585,0.775,0.0,0.106,0.684,106.876,157746,4,0
64981,0.461,0.39,7,-10.973,0,0.0385,0.577,7.04e-06,0.12,0.498,172.044,222733,4,0
32123,0.829,0.695,1,-5.561,1,0.0473,0.000956,0.178,0.112,0.369,102.018,211776,4,0
58031,0.518,0.948,6,-5.579,0,0.0676,0.00512,0.0996,0.228,0.548,103.025,201400,4,0
41890,0.362,0.668,0,-9.578,1,0.0432,0.000406,0.0094,0.131,0.158,122.234,293040,4,0
71700,0.417,0.966,4,-3.072,1,0.194,0.00224,1.97e-06,0.145,0.623,192.067,232666,4,0
68008,0.865,0.573,5,-5.501,1,0.0678,0.0863,0.0,0.305,0.563,94.999,155960,4,0
42738,0.325,0.976,4,-6.707,1,0.108,0.0172,0.479,0.258,0.29,92.175,78666,4,0
105018,0.595,0.526,6,-10.11,1,0.167,0.778,0.875,0.322,0.944,78.002,120769,4,0
76985,0.203,0.104,2,-22.281,1,0.032,0.851,0.0255,0.279,0.128,100.78,226386,4,0
51583,0.825,0.414,2,-6.634,1,0.144,0.00265,0.0,0.357,0.106,72.993,200547,4,0
91063,0.761,0.606,11,-7.742,0,0.0424,0.157,0.0,0.574,0.646,121.038,159650,4,0
32545,0.716,0.846,8,-6.077,1,0.0326,0.0092,0.000279,0.941,0.96,115.307,260782,4,0
89122,0.904,0.817,8,-3.956,1,0.0871,0.0254,0.000141,0.232,0.753,101.988,217361,4,0
96487,0.565,0.831,9,-8.476,1,0.046,0.125,0.0,0.0992,0.839,138.301,160685,4,0
