,danceability,energy,key,loudness,mode,speechiness,acousticness,instrumentalness,liveness,valence,tempo,duration_ms,time_signature
0,0.807,0.893,11,-3.745,0,0.0347,0.0451,2.79e-05,0.366,0.537,126.011,230747,4
1,0.798,0.676,6,-5.041,1,0.0442,0.0902,0.0,0.0894,0.843,101.956,219947,4
2,0.788,0.859,2,-2.724,1,0.0856,0.281,0.0,0.0424,0.822,141.02,207853,4
3,0.763,0.661,4,-5.592,0,0.056,0.169,0.0,0.117,0.632,95.002,153627,4
4,0.599,0.448,8,-6.312,1,0.0232,0.163,0.0,0.106,0.168,95.05,263400,3
5,0.715,0.62,1,-6.005,0,0.0484,0.417,0.0,0.0822,0.172,97.95,221520,4
6,0.607,0.649,11,-6.695,0,0.0362,0.0306,2.46e-05,0.174,0.505,102.996,247627,4
7,0.64,0.647,5,-8.114,0,0.186,0.124,0.0,0.0801,0.546,92.979,197867,4
8,0.591,0.764,1,-5.484,1,0.0483,0.0383,0.0,0.103,0.478,169.928,141806,4
9,0.713,0.676,10,-5.483,1,0.027,0.0377,0.0,0.154,0.721,99.048,227395,4
10,0.695,0.566,6,-7.484,0,0.124,0.00202,0.0,0.167,0.388,80.029,175569,4
11,0.601,0.741,2,-5.569,1,0.0478,0.185,2.91e-05,0.415,0.441,153.96,153190,4
12,0.658,0.634,1,-6.068,0,0.0431,0.0104,0.0,0.12,0.302,140.002,170813,4
13,0.857,0.621,9,-6.376,0,0.0825,0.148,0.0,0.0865,0.668,97.989,204467,4
14,0.677,0.556,9,-6.544,1,0.0306,0.263,0.0,0.105,0.521,80.006,179507,4
15,0.677,0.556,9,-6.544,1,0.0306,0.263,0.0,0.105,0.521,80.006,179507,4
16,0.677,0.556,9,-6.544,1,0.0306,0.263,0.0,0.105,0.521,80.006,179507,4
17,0.659,0.625,4,-2.253,1,0.045,0.0644,0.0,0.582,0.442,88.042,181824,4
18,0.434,0.889,9,-5.684,1,0.0509,0.395,0.0,0.273,0.845,113.326,153338,5
19,0.79,0.647,10,-5.983,0,0.136,0.0515,0.0,0.248,0.654,87.999,211000,4
20,0.639,0.628,6,-7.578,0,0.0399,0.0381,0.0,0.386,0.43,90.482,237507,4
21,0.58,0.586,1,-6.883,1,0.0357,0.344,0.0,0.0755,0.507,147.988,199549,4
22,0.585,0.696,4,-5.6,0,0.0307,0.204,0.0,0.344,0.522,104.01,217640,4
23,0.754,0.449,7,-9.211,1,0.109,0.0332,8.29e-05,0.552,0.357,77.169,198973,4
24,0.636,0.566,6,-7.16,0,0.106,0.365,0.000353,0.0917,0.425,151.894,235987,4
25,0.463,0.642,1,-4.474,1,0.34,0.314,0.0,0.0686,0.339,83.389,189893,4
26,0.636,0.477,11,-8.698,0,0.415,0.393,0.00268,0.0662,0.449,119.953,173972,5
27,0.678,0.674,5,-5.936,1,0.128,0.644,0.0,0.13,0.574,90.069,161333,4
28,0.724,0.596,2,-7.185,0,0.364,0.34,1.95e-06,0.118,0.521,137.975,169565,3
29,0.68,0.549,5,-8.277,0,0.244,0.0919,7.14e-05,0.548,0.29,162.874,265373,4
30,0.749,0.398,5,-7.44,0,0.171,0.648,1.26e-06,0.115,0.0859,80.032,226040,4
31,0.678,0.395,9,-8.639,0,0.12,0.411,0.00544,0.122,0.136,170.065,215067,4
32,0.901,0.676,2,-7.033,1,0.251,0.0646,0.0,0.0863,0.452,85.018,148278,4
33,0.68,0.549,5,-8.277,0,0.244,0.0919,7.14e-05,0.548,0.29,162.874,265373,4
34,0.797,0.731,9,-4.443,0,0.0479,0.229,0.0,0.224,0.623,146.93,228387,4
35,0.561,0.852,8,-6.871,1,0.251,0.00145,5.92e-06,0.274,0.402,129.971,209227,4
36,0.63,0.605,0,-8.951,1,0.0414,0.484,9.29e-05,0.298,0.266,115.277,295293,4
37,0.881,0.441,11,-6.278,0,0.0646,0.48,9.08e-06,0.119,0.804,138.014,221240,4
38,0.675,0.734,7,-8.659,1,0.0265,0.38,0.895,0.141,0.533,101.998,294213,4
39,0.464,0.754,9,-6.653,0,0.128,0.465,1.57e-05,0.37,0.444,86.501,235627,4
40,0.69,0.521,10,-8.492,0,0.339,0.324,0.0,0.0534,0.494,100.028,292799,4
41,0.831,0.427,2,-6.903,1,0.106,0.0531,0.0,0.307,0.216,93.004,235320,4
42,0.907,0.393,4,-7.636,0,0.0539,0.451,1.35e-06,0.135,0.202,104.949,205458,4
43,0.684,0.545,1,-6.885,1,0.121,0.159,0.0,0.102,0.407,143.049,135264,4
44,0.567,0.515,6,-10.265,0,0.247,0.354,0.0,0.078,0.321,120.1,224000,1
45,0.608,0.745,1,-4.13,1,0.0277,0.0226,6.47e-06,0.0942,0.464,102.025,224427,4
46,0.551,0.402,11,-7.431,1,0.0262,0.676,0.0,0.0928,0.382,103.313,193200,4
47,0.487,0.65,0,-5.195,1,0.0253,0.191,0.0,0.0933,0.456,151.964,232533,4
48,0.731,0.675,5,-5.134,0,0.0434,0.00473,0.0,0.141,0.298,124.939,139461,4
49,0.654,0.875,1,-4.845,1,0.0744,0.000417,0.0086,0.194,0.522,99.975,171621,4
50,0.533,0.858,2,-4.212,1,0.0766,0.00021,0.0,0.148,0.506,160.057,205159,4
51,0.376,0.657,7,-4.658,1,0.0768,0.0858,0.0,0.0884,0.203,80.565,164782,4
52,0.719,0.598,9,-6.254,1,0.077,0.232,0.0,0.115,0.303,142.592,126521,4
53,0.655,0.716,8,-5.077,0,0.0897,0.476,0.0,0.479,0.521,80.813,175302,4
54,0.701,0.716,7,-3.671,0,0.0361,0.174,0.0,0.324,0.732,91.007,140533,4
55,0.748,0.492,11,-8.584,1,0.0498,0.151,0.0,0.146,0.483,145.097,144000,4
56,0.659,0.733,8,-4.878,1,0.0577,0.0226,0.0,0.205,0.763,146.053,143205,4
57,0.706,0.76,8,-4.702,1,0.0369,0.0599,1.46e-06,0.202,0.564,95.499,126444,4
58,0.795,0.642,9,-4.431,1,0.0288,0.0509,0.0,0.17,0.669,97.999,201010,4
59,0.71,0.543,5,-9.141,1,0.0527,0.478,8.66e-06,0.0988,0.481,83.965,138929,4
60,0.646,0.785,10,-5.882,0,0.0417,0.085,3.43e-05,0.104,0.185,162.987,228702,4
61,0.862,0.439,9,-7.411,0,0.0579,0.39,1.03e-06,0.0888,0.489,113.017,155044,4
62,0.777,0.414,6,-7.44,0,0.0946,0.00421,2.73e-05,0.0724,0.287,100.002,227880,4
63,0.763,0.667,2,-6.285,1,0.085,0.021,2.4e-05,0.0715,0.75,95.864,260520,4
64,0.912,0.223,11,-12.424,0,0.321,0.26,8.87e-05,0.0786,0.354,139.965,212547,4
65,0.732,0.511,6,-6.779,1,0.0541,0.276,0.0,0.0916,0.62,96.946,133608,4
66,0.677,0.714,11,-5.637,1,0.0287,0.162,0.0,0.0717,0.355,94.956,136568,4
67,0.369,0.192,4,-12.151,0,0.04,0.555,8.35e-06,0.0954,0.148,175.212,228013,3
68,0.517,0.675,6,-5.382,1,0.0357,0.459,0.0,0.151,0.518,203.853,163855,4
69,0.561,0.965,7,-3.673,0,0.0343,0.00383,7.07e-06,0.371,0.304,128.04,175238,4
70,0.442,0.943,3,-3.205,1,0.0602,0.00293,8.71e-06,0.091,0.781,85.064,181533,4
71,0.442,0.943,3,-3.205,1,0.0602,0.00293,8.71e-06,0.091,0.781,85.064,181533,4
72,0.559,0.543,1,-5.429,1,0.302,0.00133,2e-05,0.0577,0.337,75.958,193000,4
73,0.29,0.827,8,-3.451,1,0.0362,0.000659,2.55e-06,0.301,0.45,167.086,493400,4
74,0.268,0.742,5,-4.939,1,0.0355,0.0518,0.0,0.626,0.416,159.779,321093,4
75,0.552,0.89,8,-3.409,1,0.0342,0.000143,0.0,0.888,0.716,146.525,232680,4
76,0.531,0.909,11,-4.236,1,0.034,0.0175,0.0,0.231,0.814,97.546,178000,4
77,0.546,0.814,7,-5.146,1,0.0314,0.023,0.0,0.0972,0.146,104.98,285653,4
78,0.475,0.432,7,-7.844,1,0.0302,0.183,0.0,0.161,0.648,94.605,153467,4
79,0.38,0.988,1,-2.042,1,0.0639,2.64e-05,7.86e-05,0.368,0.769,186.113,176346,4
80,0.496,0.682,8,-4.095,1,0.0294,0.00552,2.94e-05,0.0589,0.474,167.06,262333,4
81,0.622,0.54,5,-13.99,1,0.0261,0.017,0.00771,0.265,0.847,130.879,264907,4
82,0.654,0.336,6,-12.825,1,0.0379,0.858,0.385,0.0786,0.947,176.083,134400,4
83,0.723,0.49,9,-14.745,0,0.0296,0.111,0.0946,0.0923,0.795,129.012,252773,4
84,0.64,0.649,2,-10.345,1,0.0264,0.216,8.3e-05,0.0551,0.865,124.825,221053,4
85,0.671,0.71,9,-7.724,1,0.0356,0.0393,1.12e-05,0.0387,0.834,118.745,193347,4
86,0.414,0.161,7,-22.32,0,0.0318,0.883,0.000223,0.117,0.423,159.375,199493,4
87,0.583,0.947,5,-5.12,1,0.0378,0.0185,0.00109,0.0679,0.803,135.448,223613,4
88,0.73,0.487,4,-10.991,1,0.0303,0.258,0.01,0.0852,0.731,114.965,226653,4
89,0.545,0.67,9,-8.81,1,0.0496,0.009,0.000822,0.0451,0.481,151.553,270213,4
90,0.828,0.492,0,-9.744,1,0.0276,0.0644,0.00428,0.128,0.789,120.151,257800,4
91,0.446,0.952,6,-5.321,1,0.0523,0.0901,0.0857,0.112,0.624,125.303,356067,4
92,0.453,0.987,8,-4.485,1,0.0889,0.0195,0.283,0.268,0.316,123.544,273480,4
93,0.268,0.98,11,-5.958,1,0.103,0.0192,0.00709,0.182,0.395,100.315,405600,4
94,0.294,0.641,11,-9.316,1,0.0291,0.0163,0.22,0.112,0.226,79.759,536067,4
95,0.456,0.59,11,-8.638,1,0.0327,0.00182,0.00379,0.104,0.243,124.635,283733,4
96,0.496,0.739,6,-7.193,1,0.0415,0.0211,0.00444,0.106,0.378,132.41,336000,4
97,0.457,0.297,6,-12.511,1,0.0306,0.686,0.000107,0.109,0.333,120.021,354880,4
98,0.262,0.777,11,-8.671,1,0.0632,0.0109,0.113,0.12,0.264,152.5,182733,4
99,0.35,0.985,10,-5.676,0,0.122,0.00876,0.551,0.36,0.323,151.007,343640,4
100,0.336,0.787,10,-8.803,0,0.0732,0.0793,0.0648,0.32,0.383,140.003,462093,4
101,0.547,0.931,2,-2.356,1,0.0615,0.000998,0.0118,0.278,0.697,118.4,261507,4
102,0.456,0.863,3,-3.551,1,0.0894,0.133,0.0538,0.0553,0.532,135.962,301227,4
103,0.668,0.906,11,-4.881,0,0.17,0.214,0.00245,0.135,0.507,135.653,231933,4
104,0.457,0.904,2,-5.303,1,0.0747,0.000239,0.0879,0.396,0.48,141.038,317427,4
105,0.389,0.873,4,-4.768,0,0.0475,0.00532,0.0055,0.273,0.303,106.767,312293,4
106,0.754,0.759,9,-5.218,1,0.302,0.153,0.000108,0.101,0.435,126.366,214667,4
107,0.532,0.767,7,-5.509,1,0.0574,0.00287,0.000513,0.39,0.755,127.361,210173,4
108,0.31,0.7,9,-5.678,1,0.047,0.011,0.00965,0.0828,0.763,188.386,255493,4
109,0.502,0.89,4,-5.175,1,0.0364,0.000147,0.0117,0.217,0.259,133.52,292880,4
110,0.574,0.913,6,-4.793,0,0.133,0.061,0.00158,0.156,0.423,115.728,208400,4
111,0.532,0.887,0,-3.757,1,0.0335,0.0778,0.000214,0.294,0.795,122.511,249293,4
112,0.551,0.913,0,-4.063,0,0.0466,0.0263,1.35e-05,0.347,0.544,119.992,224493,4
113,0.326,0.797,2,-2.359,1,0.0334,0.0522,0.0,0.081,0.271,135.937,288933,4
114,0.555,0.973,9,-3.804,1,0.035,0.048,0.0,0.0853,0.805,118.642,316707,4
115,0.437,0.727,2,-5.432,1,0.0293,0.0532,0.0,0.103,0.233,73.029,346587,4
116,0.475,0.899,9,-4.321,0,0.0637,0.00375,1.91e-05,0.14,0.603,152.445,230667,4
117,0.309,0.596,5,-5.599,1,0.0293,0.101,0.0,0.21,0.161,164.587,394400,3
118,0.252,0.802,7,-3.976,1,0.0391,0.13,0.0146,0.309,0.253,150.056,308667,4
119,0.383,0.659,4,-5.558,1,0.0312,0.117,0.0,0.0778,0.327,140.795,353027,4
120,0.508,0.834,2,-6.205,1,0.0386,0.0183,0.0,0.0732,0.774,139.131,216053,4
121,0.352,0.911,1,-5.23,1,0.0747,0.00121,0.0,0.0995,0.236,148.033,222973,4
122,0.473,0.768,0,-4.708,1,0.037,0.00994,0.0,0.145,0.826,171.669,235474,4
123,0.579,0.954,4,-3.947,1,0.0558,0.583,0.0,0.139,0.583,93.448,265693,4
124,0.308,0.747,0,-5.434,1,0.037,0.0645,8.27e-05,0.431,0.278,139.454,356160,4
125,0.54,0.982,4,-2.962,0,0.0458,0.435,3.37e-05,0.0457,0.91,126.294,265773,4
126,0.445,0.856,9,-3.674,1,0.0327,0.000202,0.0101,0.367,0.486,105.872,308333,3
127,0.379,0.76,9,-10.961,1,0.0378,0.00298,0.0296,0.104,0.491,99.436,274088,4
128,0.37,0.866,6,-3.879,0,0.0384,0.0868,0.0,0.137,0.427,162.086,316693,3
129,0.653,0.73,5,-10.613,1,0.0429,0.0115,1.02e-05,0.0776,0.894,108.709,220311,4
130,0.39,0.649,2,-5.163,1,0.0345,0.172,0.0,0.216,0.144,121.161,299723,4
131,0.392,0.476,1,-7.583,1,0.0249,0.397,0.000163,0.309,0.234,78.031,267597,4
132,0.409,0.868,3,-6.236,0,0.0368,0.0266,0.0357,0.276,0.704,147.211,198707,4
133,0.591,0.87,7,-6.381,1,0.0652,0.409,0.0,0.718,0.747,121.682,227600,4
134,0.435,0.666,6,-10.596,1,0.031,0.254,1.4e-05,0.0541,0.566,176.431,232640,4
135,0.708,0.856,9,-5.4,1,0.0537,0.0287,8.46e-05,0.0727,0.902,128.518,241107,4
136,0.511,0.912,1,-5.618,1,0.0594,0.0247,0.0553,0.0943,0.833,131.339,190867,4
137,0.681,0.773,2,-6.051,1,0.058,0.181,1.84e-05,0.311,0.547,120.276,236640,4
138,0.679,0.866,0,-6.053,1,0.0635,0.00376,3.1e-05,0.312,0.785,124.324,201400,4
139,0.479,0.847,0,-11.036,0,0.0984,0.00884,0.000206,0.144,0.317,90.654,228560,4
140,0.654,0.929,1,-5.906,1,0.0998,0.0468,0.0,0.0539,0.902,144.774,168840,4
141,0.768,0.852,4,-6.215,1,0.038,0.214,7.36e-05,0.0723,0.867,128.373,271240,4
142,0.416,0.819,9,-3.974,1,0.0613,0.000138,0.00108,0.147,0.632,140.083,193520,4
143,0.524,0.644,4,-4.986,1,0.0238,0.391,0.000246,0.168,0.324,158.52,271800,4
144,0.524,0.641,0,-8.967,1,0.0497,0.0437,2.78e-05,0.159,0.482,141.65,184543,4
145,0.49,0.724,2,-9.581,1,0.0366,0.00976,0.0046,0.159,0.292,125.812,337506,4
146,0.458,0.843,4,-7.201,1,0.0316,0.00135,0.000296,0.778,0.713,105.701,228427,4
147,0.543,0.944,6,-7.495,1,0.0543,0.402,0.000564,0.0373,0.735,101.174,279440,4
148,0.539,0.926,2,-6.495,1,0.0499,0.014,0.00136,0.36,0.454,136.279,246400,4
149,0.392,0.534,0,-8.793,1,0.0369,0.245,0.00104,0.155,0.325,181.305,276187,4
150,0.564,0.774,1,-9.424,1,0.0368,0.0135,0.00191,0.0861,0.657,100.894,277477,4
151,0.54,0.429,2,-11.822,1,0.0285,0.000202,0.355,0.141,0.113,110.171,295516,4
152,0.451,0.951,1,-3.754,1,0.0645,0.00038,2.39e-06,0.261,0.442,162.065,213933,4
153,0.58,0.702,4,-5.565,1,0.0337,0.0466,3.2e-06,0.536,0.299,105.076,208960,4
154,0.529,0.967,1,-3.647,0,0.0508,0.114,0.0,0.61,0.596,140.127,166373,4
155,0.492,0.969,9,-4.419,1,0.0491,0.0014,1.32e-06,0.0787,0.538,95.136,157333,4
156,0.554,0.978,4,-3.554,1,0.131,0.111,0.0,0.0731,0.594,135.095,162600,4
157,0.687,0.793,2,-4.254,1,0.166,0.0603,0.0,0.582,0.751,107.045,205733,4
158,0.623,0.93,5,-5.285,1,0.0324,0.0141,1.64e-06,0.138,0.287,120.119,205613,4
159,0.596,0.798,0,-4.63,1,0.0285,0.00412,0.0,0.338,0.459,105.01,199342,4
160,0.496,0.863,9,-4.153,1,0.0381,0.0046,0.0,0.639,0.243,110.018,185587,4
161,0.556,0.864,3,-5.87,0,0.0584,0.00958,0.0,0.209,0.4,105.143,216880,4
162,0.485,0.911,3,-5.749,1,0.0355,8.67e-05,0.0,0.092,0.568,89.956,249067,4
163,0.515,0.876,8,-3.756,1,0.0292,0.000932,0.000166,0.136,0.385,145.916,258920,4
164,0.441,0.815,3,-4.088,1,0.0276,0.000731,0.0,0.414,0.522,164.007,219320,4
165,0.572,0.961,7,-3.089,1,0.0625,0.000734,0.021,0.207,0.818,76.998,186600,4
166,0.455,0.858,11,-5.659,0,0.0391,0.000616,0.000247,0.226,0.597,163.118,207467,4
167,0.766,0.725,9,-4.991,1,0.0369,0.0107,8.23e-05,0.0237,0.741,100.008,237667,4
168,0.518,0.797,6,-5.153,1,0.0309,0.000681,0.0,0.107,0.293,132.918,238173,4
169,0.617,0.922,11,-3.474,1,0.0744,0.000247,0.388,0.363,0.6,132.059,212347,4
170,0.616,0.91,0,-3.004,1,0.0386,0.0459,0.0,0.343,0.693,144.072,252040,4
171,0.446,0.764,10,-5.042,1,0.033,0.00135,0.0,0.099,0.543,172.094,223840,4
172,0.398,0.952,4,-6.042,1,0.061,0.000373,7.75e-05,0.1,0.584,122.093,278680,4
173,0.454,0.913,9,-4.008,1,0.107,0.408,0.000271,0.248,0.521,137.688,293183,4
174,0.623,0.449,5,-13.333,1,0.0253,0.212,0.0,0.0613,0.572,84.383,256000,4
175,0.556,0.913,0,-2.36,1,0.0437,0.0193,8.59e-06,0.346,0.73,96.184,282160,4
176,0.5,0.748,4,-9.072,1,0.0363,0.127,0.0,0.447,0.514,118.852,250987,4
177,0.541,0.96,0,-2.947,0,0.0505,0.0663,2.25e-06,0.344,0.812,122.803,222707,4
178,0.434,0.897,0,-4.918,1,0.0488,0.0103,0.0,0.612,0.684,148.726,167067,4
179,0.7,0.742,5,-6.777,0,0.0716,0.0722,0.0199,0.11,0.197,91.959,302000,4
180,0.666,0.936,7,-9.919,1,0.0476,0.00244,0.086,0.153,0.776,91.577,282907,4
181,0.451,0.97,0,-4.938,1,0.107,0.0264,0.00355,0.102,0.198,122.444,216933,4
182,0.427,0.9,11,-3.674,1,0.0499,0.116,1.75e-05,0.119,0.599,104.655,334667,4
183,0.458,0.795,0,-3.265,1,0.0574,0.00316,0.000202,0.0756,0.513,123.229,255373,4
184,0.595,0.717,0,-4.803,1,0.0295,0.0779,0.00274,0.108,0.547,88.969,215907,4
185,0.618,0.938,9,-3.442,1,0.0456,0.0179,0.0,0.167,0.875,91.455,269000,4
186,0.559,0.345,4,-13.496,1,0.0459,0.0576,0.000105,0.141,0.458,84.581,264307,4
187,0.592,0.767,9,-2.788,0,0.027,0.0021,0.00165,0.127,0.328,96.483,329733,4
188,0.515,0.805,5,-4.491,1,0.0345,0.00993,1.57e-05,0.419,0.743,101.161,194618,4
189,0.587,0.237,0,-18.466,1,0.0272,0.0766,0.0,0.139,0.366,84.764,211933,4
190,0.546,0.931,0,-6.344,1,0.0341,0.000299,2.92e-05,0.11,0.643,125.495,204893,4
191,0.512,0.534,2,-6.888,1,0.0253,0.197,0.0,0.0907,0.125,74.882,282773,4
192,0.587,0.456,9,-7.011,1,0.0262,0.516,0.0,0.104,0.144,134.11,355640,4
193,0.57,0.478,7,-10.185,1,0.0322,0.536,1.33e-05,0.0931,0.358,145.517,291667,3
194,0.561,0.811,4,-6.157,1,0.0265,0.00515,3.6e-05,0.287,0.635,126.593,233270,4
195,0.526,0.365,1,-12.605,1,0.028,0.0775,1.35e-05,0.0618,0.253,131.253,394133,4
196,0.382,0.589,9,-7.315,0,0.0267,0.0465,0.0,0.122,0.335,140.059,243360,4
197,0.508,0.834,2,-6.205,1,0.0386,0.0183,0.0,0.0732,0.774,139.131,216053,4
198,0.649,0.903,7,-3.677,1,0.0318,0.000841,0.000351,0.122,0.412,121.841,225947,4
199,0.633,0.823,5,-5.792,1,0.0287,0.0516,0.000496,0.188,0.444,115.107,330533,4
200,0.5,0.899,4,-4.066,1,0.0736,4.84e-05,0.000198,0.0794,0.566,130.06,229107,4
201,0.596,0.605,7,-12.145,1,0.0255,0.181,0.000331,0.0863,0.886,97.798,283800,4
202,0.7,0.864,7,-3.629,1,0.0283,0.0212,0.0,0.0956,0.887,102.997,297587,4
203,0.398,0.927,9,-4.212,1,0.0567,6.2e-05,0.000177,0.0575,0.311,77.106,260027,4
204,0.497,0.97,10,-4.851,0,0.0836,9.04e-05,0.000674,0.101,0.689,138.081,197200,4
205,0.465,0.919,4,-4.025,1,0.0408,1.83e-05,2.07e-05,0.262,0.537,135.997,235293,4
206,0.366,0.94,1,-5.119,0,0.0696,0.000769,9.42e-05,0.188,0.369,130.198,255627,4
207,0.587,0.872,7,-5.066,1,0.0484,0.018,0.0,0.622,0.735,159.925,221333,4
208,0.572,0.835,0,-6.219,1,0.0317,0.171,0.000377,0.0702,0.795,129.981,241600,4
209,0.765,0.476,7,-13.487,1,0.0329,0.0504,2.76e-06,0.165,0.965,114.02,178360,4
210,0.646,0.526,1,-4.803,1,0.263,0.00129,3.91e-06,0.054,0.621,143.711,148672,4
211,0.657,0.752,0,-4.579,0,0.148,0.0184,1.66e-05,0.316,0.652,140.028,224707,4
212,0.581,0.888,0,-3.198,1,0.0587,0.0018,0.0,0.413,0.629,120.041,190707,4
213,0.59,0.813,5,-3.543,0,0.342,0.00416,0.0,0.748,0.517,161.868,199600,4
214,0.851,0.633,10,-5.052,1,0.11,0.000905,3.09e-06,0.116,0.513,139.944,185533,4
215,0.538,0.876,1,-3.559,1,0.139,0.03,0.0,0.251,0.527,83.949,183107,4
216,0.642,0.861,4,-3.837,1,0.294,0.0318,0.0,0.23,0.582,92.912,197602,4
217,0.682,0.889,0,-4.166,1,0.0804,0.00564,0.0,0.36,0.827,138.021,192440,4
218,0.607,0.805,11,-5.579,0,0.0608,0.00175,0.0,0.231,0.232,139.894,202667,4
219,0.791,0.713,5,-3.742,0,0.254,0.0163,0.0,0.189,0.514,130.012,192573,4
220,0.519,0.78,2,-4.939,1,0.0356,0.00165,2.14e-05,0.156,0.166,145.125,239333,4
221,0.411,0.962,4,-5.952,1,0.0917,0.103,0.0,0.529,0.622,173.143,172646,4
222,0.606,0.905,5,-3.117,1,0.0518,0.0044,0.0,0.151,0.706,143.952,151533,4
223,0.41,0.959,9,-4.563,1,0.0869,0.000324,0.0,0.0766,0.83,193.155,171600,4
224,0.52,0.775,0,-5.803,1,0.0348,0.034,0.0,0.364,0.382,136.028,249627,4
225,0.426,0.972,0,-5.122,1,0.0954,0.0017,0.0,0.171,0.341,111.221,165373,4
226,0.579,0.928,0,-4.344,1,0.0411,0.000715,0.0,0.18,0.882,95.594,171533,4
227,0.664,0.781,11,-6.547,1,0.0339,0.00103,5.33e-06,0.0867,0.593,110.0,227240,4
228,0.391,0.951,6,-7.419,1,0.0692,0.0126,0.000378,0.0878,0.468,157.66,148360,4
229,0.434,0.897,0,-4.918,1,0.0488,0.0103,0.0,0.612,0.684,148.726,167067,4
230,0.498,0.764,4,-5.006,1,0.0309,0.123,3.07e-05,0.119,0.489,147.984,191231,4
231,0.692,0.808,2,-3.757,1,0.0396,0.0834,3.75e-05,0.0913,0.802,143.977,181767,4
232,0.641,0.803,6,-5.781,0,0.0286,0.00232,3.86e-06,0.361,0.671,121.086,158004,4
233,0.505,0.657,11,-5.24,0,0.0318,0.373,0.00107,0.126,0.252,196.0,178520,3
234,0.568,0.841,8,-3.802,1,0.0261,0.00514,0.000503,0.147,0.668,103.983,187047,4
235,0.53,0.678,6,-6.16,1,0.0278,0.506,6.23e-06,0.138,0.508,140.05,215572,4
236,0.656,0.757,3,-5.775,0,0.0308,0.492,0.0,0.117,0.429,139.971,177388,4
237,0.613,0.914,7,-5.153,1,0.03,0.00522,2.21e-06,0.26,0.916,141.978,206865,4
238,0.732,0.839,9,-5.007,1,0.0345,0.265,0.0,0.602,0.629,119.724,157478,4
239,0.492,0.675,6,-5.456,1,0.0389,0.467,0.0,0.142,0.478,203.759,163855,4
240,0.693,0.335,0,-10.863,1,0.0395,0.338,0.000552,0.118,0.623,136.071,198907,4
241,0.586,0.677,1,-8.343,1,0.0294,0.043,0.0936,0.0884,0.562,144.001,262280,4
242,0.77,0.641,10,-6.077,0,0.035,0.0206,0.00023,0.106,0.639,96.98,191333,4
243,0.427,0.813,0,-9.02,1,0.0737,0.0713,0.109,0.873,0.344,106.859,134267,3
244,0.589,0.641,5,-8.12,1,0.0838,0.205,0.0,0.0864,0.57,160.031,179347,4
245,0.646,0.598,3,-10.293,1,0.0425,0.73,5.87e-06,0.118,0.606,80.993,195587,4
246,0.689,0.592,5,-6.758,1,0.0235,0.101,0.00867,0.11,0.919,98.997,175027,4
247,0.626,0.913,0,-4.452,1,0.0318,0.00635,0.0,0.293,0.946,113.044,191307,4
248,0.692,0.809,2,-5.935,1,0.0255,0.1,9.77e-05,0.185,0.927,104.023,263387,4
249,0.498,0.764,4,-5.006,1,0.0309,0.123,3.07e-05,0.119,0.489,147.984,191231,4
250,0.689,0.689,4,-5.517,1,0.045,0.23,0.0,0.57,0.664,130.069,204760,4
251,0.558,0.719,11,-5.603,1,0.0419,0.101,0.0,0.212,0.483,158.031,243707,4
252,0.421,0.644,7,-3.904,1,0.0273,0.192,0.0,0.15,0.372,82.962,193400,4
253,0.579,0.776,8,-5.365,1,0.173,0.0749,0.0,0.239,0.434,136.044,229880,4
254,0.641,0.78,3,-5.138,1,0.0852,0.0206,0.0,0.143,0.693,98.004,179720,4
255,0.678,0.528,10,-7.317,1,0.0551,0.289,0.0,0.0734,0.614,79.018,194545,4
256,0.552,0.774,10,-3.685,1,0.0401,0.215,0.0,0.126,0.194,75.07,182707,4
257,0.747,0.861,8,-5.251,1,0.0514,0.113,0.0,0.026,0.859,103.966,190240,4
258,0.635,0.866,5,-2.695,1,0.0473,0.0697,0.0,0.0955,0.853,133.889,169760,4
259,0.736,0.458,5,-7.437,1,0.0316,0.441,0.0,0.148,0.65,98.977,162547,4
260,0.589,0.892,2,-3.197,1,0.0365,0.0633,0.0,0.149,0.76,131.951,224630,4
261,0.605,0.786,4,-4.138,1,0.0379,0.00276,0.0,0.347,0.512,116.995,182930,4
262,0.657,0.785,3,-8.428,1,0.037,0.0301,4.62e-06,0.0927,0.769,127.987,273587,4
263,0.794,0.733,0,-4.915,1,0.0884,0.0541,0.0,0.03,0.521,93.932,187220,4
264,0.681,0.845,11,-5.147,0,0.0525,0.0304,0.0,0.197,0.761,132.023,184040,4
265,0.588,0.608,5,-7.062,1,0.0365,0.225,0.0,0.092,0.508,90.201,189496,4
266,0.69,0.416,7,-7.865,1,0.0335,0.617,1.37e-06,0.102,0.479,82.45,230600,3
267,0.697,0.535,4,-6.504,1,0.068,0.247,0.0,0.569,0.594,82.959,203893,4
268,0.624,0.84,4,-5.768,1,0.0337,0.108,0.000546,0.144,0.656,111.02,323040,4
269,0.521,0.833,8,-6.992,1,0.0313,0.0906,3.13e-06,0.0647,0.581,141.944,224985,4
270,0.533,0.907,11,-3.793,1,0.0406,0.0292,0.0,0.386,0.7,150.99,183160,4
271,0.511,0.6,2,-5.699,1,0.0268,0.16,5.25e-06,0.114,0.269,146.051,233667,4
272,0.565,0.56,6,-6.034,1,0.0275,0.538,0.0,0.0961,0.325,159.931,177267,4
273,0.423,0.58,1,-4.959,1,0.0243,0.0554,2.92e-06,0.168,0.336,82.755,211053,3
274,0.551,0.801,6,-5.069,1,0.0303,0.013,6.03e-06,0.265,0.625,128.027,240760,4
275,0.558,0.872,9,-4.401,1,0.0449,0.178,0.0,0.173,0.472,143.971,213547,4
276,0.597,0.86,1,-2.315,1,0.0461,0.196,0.0,0.087,0.818,172.064,190587,4
277,0.622,0.932,11,-4.66,0,0.0498,0.105,2.37e-06,0.328,0.519,108.051,176160,4
278,0.641,0.842,9,-4.872,1,0.0464,0.0969,0.0,0.169,0.738,89.997,193427,4
279,0.616,0.728,9,-4.02,0,0.0278,0.0275,0.0,0.228,0.375,111.934,219973,4
280,0.728,0.682,2,-3.749,1,0.218,0.127,0.0,0.337,0.643,131.901,200067,4
281,0.571,0.937,5,-3.467,0,0.0365,0.0064,0.0,0.316,0.584,115.013,203133,4
282,0.661,0.751,7,-2.909,1,0.0481,0.0571,0.0,0.105,0.875,109.995,190187,4
283,0.506,0.886,11,-3.225,1,0.0655,0.0916,0.0,0.0734,0.595,143.935,226867,4
284,0.645,0.904,2,-4.532,1,0.0462,0.0293,0.0,0.0834,0.671,105.97,225560,4
285,0.471,0.912,5,-3.032,1,0.0724,0.032,0.0,0.343,0.613,139.667,190780,4
286,0.616,0.15,5,-13.517,1,0.119,0.831,0.0,0.203,0.345,126.462,174673,4
287,0.5,0.485,0,-7.94,1,0.0422,0.633,1.26e-06,0.107,0.379,109.755,207453,4
288,0.434,0.215,10,-8.478,1,0.0417,0.82,0.0,0.456,0.187,118.152,211316,4
289,0.544,0.573,8,-5.694,1,0.0356,0.0958,0.0,0.104,0.233,122.977,211739,4
290,0.508,0.296,3,-10.513,1,0.0755,0.897,5e-05,0.11,0.134,82.532,268856,4
291,0.505,0.27,9,-9.165,0,0.0333,0.593,0.0,0.133,0.557,98.721,163032,4
292,0.447,0.441,0,-7.658,1,0.0456,0.874,4.36e-05,0.188,0.286,122.811,290892,4
293,0.68,0.246,4,-14.112,1,0.058,0.783,0.0,0.106,0.388,110.23,171693,4
294,0.458,0.976,0,-3.791,1,0.0459,0.00182,0.0,0.193,0.76,154.007,218867,4
295,0.523,0.954,1,-3.051,1,0.0374,0.00385,1.65e-06,0.243,0.901,141.982,215120,4
296,0.514,0.918,7,-4.306,1,0.0365,0.0409,0.0,0.342,0.64,150.033,226173,4
297,0.523,0.666,7,-4.081,0,0.0327,0.401,0.0,0.0728,0.564,78.077,194187,4
298,0.362,0.882,3,-3.717,1,0.0973,0.0791,0.0,0.15,0.864,199.811,185200,4
299,0.555,0.931,8,-2.969,1,0.0367,0.016,0.0,0.405,0.723,132.085,220907,4
300,0.588,0.885,6,-3.046,1,0.0345,0.0788,0.0,0.175,0.787,129.925,198120,4
301,0.457,0.948,10,-3.364,1,0.0354,0.0191,0.0,0.0536,0.878,148.0,208960,4
302,0.582,0.797,5,-4.926,1,0.0334,0.23,0.0,0.132,0.595,135.973,196027,4
303,0.41,0.9,0,-4.249,0,0.0656,0.0167,1.09e-05,0.339,0.558,176.962,284960,4
304,0.681,0.795,6,-6.652,1,0.049,0.305,9.41e-06,0.109,0.64,135.939,219160,4
305,0.623,0.59,4,-5.014,1,0.028,0.646,0.0,0.295,0.579,137.071,204200,4
306,0.512,0.58,3,-6.658,0,0.029,0.621,1.72e-05,0.513,0.303,159.847,178147,3
307,0.456,0.679,1,-4.802,1,0.0324,0.176,0.0,0.103,0.483,184.075,212030,4
308,0.553,0.872,1,-2.832,0,0.0782,0.198,0.0,0.0659,0.638,172.138,220573,4
309,0.522,0.801,5,-5.424,1,0.1,0.224,0.0,0.301,0.491,155.928,189307,3
310,0.68,0.741,2,-5.055,1,0.0357,0.347,1.87e-06,0.117,0.635,127.024,229400,4
311,0.375,0.574,7,-5.305,1,0.0315,0.143,0.0,0.11,0.406,132.025,196800,3
